HR,EDA,TEMP
,0.2809140086174011,34.224998474121094
,0.260794997215271,34.41600036621094
,0.260794997215271,34.41600036621094
,0.263731986284256,34.356998443603516
,0.28389498591423035,34.356998443603516
,0.2771410048007965,34.297000885009766
,0.2771410048007965,34.297000885009766
,0.28905099630355835,34.305999755859375
,0.28905099630355835,34.305999755859375
82.0,0.28905099630355835,34.305999755859375
82.0,0.2796599864959717,34.305999755859375
82.0,0.2796599864959717,34.380001068115234
82.0,0.29502201080322266,34.380001068115234
82.0,0.30229198932647705,34.37699890136719
82.0,0.30229198932647705,34.37699890136719
82.0,0.30166301131248474,34.340999603271484
82.0,0.30166301131248474,34.340999603271484
82.0,0.3027920126914978,34.32500076293945
82.0,0.3120020031929016,34.32500076293945
82.0,0.28847500681877136,34.31800079345703
82.0,0.28847500681877136,34.31800079345703
82.0,0.2918649911880493,34.38600158691406
82.0,0.2918649911880493,34.38600158691406
82.0,0.31343600153923035,34.45100021362305
82.0,0.31343600153923035,34.45100021362305
79.0,0.31343600153923035,34.45100021362305
79.0,0.27749499678611755,34.45100021362305
79.0,0.2800990045070648,34.40800094604492
79.0,0.2800990045070648,34.40800094604492
79.0,0.30375799536705017,34.388999938964844
79.0,0.30375799536705017,34.388999938964844
79.0,0.2818810045719147,34.41699981689453
79.0,0.2818810045719147,34.41699981689453
79.0,0.28787800669670105,34.499000549316406
79.0,0.28787800669670105,34.499000549316406
79.0,0.2927129864692688,34.499000549316406
79.0,0.30166301131248474,34.358001708984375
78.0,0.29208600521087646,34.26100158691406
78.0,0.29208600521087646,34.26100158691406
78.0,0.31528300046920776,34.32600021362305
78.0,0.31528300046920776,34.32600021362305
78.0,0.2925029993057251,34.24700164794922
78.0,0.2925029993057251,34.24700164794922
78.0,0.29115599393844604,34.24700164794922
78.0,0.29440999031066895,34.284000396728516
78.0,0.2967970073223114,34.37099838256836
78.0,0.2967970073223114,34.37099838256836
83.0,0.2967970073223114,34.37099838256836
83.0,0.2738890051841736,34.3380012512207
83.0,0.2738890051841736,34.3380012512207
83.0,0.2886190116405487,34.3380012512207
83.0,0.2891469895839691,34.323001861572266
83.0,0.2891109883785248,34.35300064086914
83.0,0.2702600061893463,34.25899887084961
83.0,0.29115599393844604,34.25899887084961
83.0,0.29844000935554504,34.25400161743164
83.0,0.29844000935554504,34.25400161743164
83.0,0.2666639983654022,34.215999603271484
83.0,0.2666639983654022,34.215999603271484
80.0,0.2666639983654022,34.215999603271484
80.0,0.2830750048160553,34.305999755859375
80.0,0.2843819856643677,34.305999755859375
80.0,0.28426599502563477,34.23899841308594
80.0,0.28426599502563477,34.23899841308594
80.0,0.2673819959163666,34.209999084472656
80.0,0.2673819959163666,34.209999084472656
80.0,0.29967400431632996,34.303001403808594
80.0,0.29967400431632996,34.303001403808594
80.0,0.3099440038204193,34.303001403808594
80.0,0.27681100368499756,34.34400177001953
80.0,0.27681100368499756,34.34400177001953
82.0,0.27681100368499756,34.34400177001953
82.0,0.2852810025215149,34.36199951171875
82.0,0.2852810025215149,34.36199951171875
82.0,0.3024899959564209,34.404998779296875
82.0,0.3024899959564209,34.404998779296875
82.0,0.2879619896411896,34.38800048828125
82.0,0.2959510087966919,34.38800048828125
82.0,0.3115819990634918,34.38100051879883
82.0,0.3115819990634918,34.38100051879883
82.0,0.301937997341156,34.305999755859375
82.0,0.2875809967517853,34.23899841308594
82.0,0.2875809967517853,34.23899841308594
83.0,0.2875809967517853,34.23899841308594
83.0,0.2819960117340088,34.23899841308594
83.0,0.2943100035190582,34.244998931884766
83.0,0.2943100035190582,34.244998931884766
83.0,0.3071790039539337,34.28300094604492
83.0,0.3071790039539337,34.28300094604492
83.0,0.2777389883995056,34.194000244140625
83.0,0.29104700684547424,34.194000244140625
83.0,0.2919510006904602,34.367000579833984
83.0,0.2919510006904602,34.367000579833984
83.0,0.28887099027633667,34.47800064086914
83.0,0.28887099027633667,34.47800064086914
85.0,0.2800540030002594,34.47800064086914
85.0,0.2800540030002594,34.41999816894531
85.0,0.2800540030002594,34.41999816894531
85.0,0.2982740104198456,34.41999816894531
85.0,0.300152987241745,34.35900115966797
85.0,0.300152987241745,34.35900115966797
85.0,0.29606398940086365,34.297000885009766
85.0,0.29606398940086365,34.297000885009766
85.0,0.29658201336860657,34.23500061035156
85.0,0.29658201336860657,34.23500061035156
85.0,0.29276201128959656,34.23500061035156
85.0,0.30033400654792786,34.31399917602539
83.0,0.30033400654792786,34.31399917602539
83.0,0.2977119982242584,34.31399917602539
83.0,0.2977119982242584,34.3129997253418
83.0,0.286998987197876,34.242000579833984
83.0,0.286998987197876,34.242000579833984
83.0,0.3216249942779541,34.21099853515625
83.0,0.3285839855670929,34.21099853515625
83.0,0.3285839855670929,34.26900100708008
83.0,0.32569199800491333,34.26900100708008
83.0,0.3003079891204834,34.32899856567383
83.0,0.3003079891204834,34.32899856567383
83.0,0.3370389938354492,34.31999969482422
83.0,0.3209420144557953,34.35100173950195
83.0,0.3209420144557953,34.35100173950195
83.0,0.3150689899921417,34.35100173950195
79.0,0.3150689899921417,34.35100173950195
79.0,0.30506399273872375,34.32899856567383
79.0,0.30506399273872375,34.32899856567383
79.0,0.30904901027679443,34.31999969482422
79.0,0.29428499937057495,34.279998779296875
79.0,0.28834399580955505,34.279998779296875
79.0,0.2867630124092102,34.33399963378906
79.0,0.3171229958534241,34.393001556396484
79.0,0.3171229958534241,34.393001556396484
79.0,0.287414014339447,34.34700012207031
79.0,0.30500999093055725,34.34700012207031
79.0,0.2935650050640106,34.327999114990234
76.0,0.2935650050640106,34.327999114990234
76.0,0.3183709979057312,34.319000244140625
76.0,0.3183709979057312,34.319000244140625
76.0,0.2991969883441925,34.35100173950195
76.0,0.2991969883441925,34.35100173950195
76.0,0.28572601079940796,34.35100173950195
76.0,0.3180220127105713,34.32899856567383
76.0,0.3180220127105713,34.32899856567383
76.0,0.30615100264549255,34.284000396728516
76.0,0.30615100264549255,34.284000396728516
76.0,0.31699299812316895,34.37099838256836
76.0,0.31699299812316895,34.37099838256836
76.0,0.2981710135936737,34.3380012512207
76.0,0.2981710135936737,34.3380012512207
76.0,0.31329500675201416,34.3380012512207
76.0,0.3138180077075958,34.3380012512207
76.0,0.3138180077075958,34.25299835205078
75.0,0.32058700919151306,34.25299835205078
75.0,0.32058700919151306,34.2869987487793
75.0,0.32058700919151306,34.2869987487793
75.0,0.32054299116134644,34.33700180053711
75.0,0.32054299116134644,34.33700180053711
75.0,0.3209719955921173,34.33700180053711
75.0,0.32923799753189087,34.28799819946289
75.0,0.32923799753189087,34.28799819946289
75.0,0.2942110002040863,34.28799819946289
75.0,0.2942110002040863,34.33700180053711
75.0,0.30830898880958557,34.35900115966797
75.0,0.30830898880958557,34.35900115966797
75.0,0.3154259920120239,34.35900115966797
76.0,0.28384900093078613,34.35900115966797
76.0,0.28384900093078613,34.36800003051758
76.0,0.28384900093078613,34.36800003051758
76.0,0.3234800100326538,34.26599884033203
76.0,0.3234800100326538,34.26599884033203
76.0,0.2886430025100708,34.25699996948242
76.0,0.2886430025100708,34.25699996948242
76.0,0.3223850131034851,34.25699996948242
76.0,0.3174990117549896,34.21699905395508
76.0,0.2970629930496216,34.165000915527344
76.0,0.34090501070022583,34.42599868774414
76.0,0.34090501070022583,34.42599868774414
76.0,0.32337498664855957,34.42599868774414
75.0,0.32337498664855957,34.42599868774414
75.0,0.31202998757362366,34.42599868774414
75.0,0.31202998757362366,34.39699935913086
75.0,0.30758601427078247,34.31399917602539
75.0,0.3087329864501953,34.45500183105469
75.0,0.3106499910354614,34.40999984741211
75.0,0.3106499910354614,34.40999984741211
75.0,0.31856098771095276,34.40999984741211
75.0,0.3180660009384155,34.354000091552734
75.0,0.3180660009384155,34.354000091552734
75.0,0.31053900718688965,34.29499816894531
75.0,0.31053900718688965,34.29499816894531
75.0,0.2922329902648926,34.34000015258789
75.0,0.2922329902648926,34.34000015258789
75.0,0.2922329902648926,34.34000015258789
75.0,0.32305899262428284,34.34000015258789
75.0,0.31768798828125,34.34000015258789
75.0,0.31768798828125,34.28900146484375
75.0,0.32364600896835327,34.37300109863281
75.0,0.32364600896835327,34.37300109863281
75.0,0.33037900924682617,34.3390007019043
75.0,0.3198060095310211,34.3390007019043
75.0,0.30636700987815857,34.28799819946289
75.0,0.30636700987815857,34.28799819946289
75.0,0.2990429997444153,34.40800094604492
75.0,0.2990429997444153,34.40800094604492
75.0,0.336762011051178,34.388999938964844
75.0,0.336762011051178,34.388999938964844
76.0,0.336762011051178,34.388999938964844
76.0,0.2987219989299774,34.388999938964844
76.0,0.3062460124492645,34.310001373291016
76.0,0.3062460124492645,34.310001373291016
76.0,0.30104899406433105,34.3120002746582
76.0,0.31002700328826904,34.24100112915039
76.0,0.31002700328826904,34.24100112915039
76.0,0.28083398938179016,34.24100112915039
76.0,0.3100129961967468,34.21099853515625
76.0,0.3100129961967468,34.21099853515625
76.0,0.3245669901371002,34.1619987487793
76.0,0.3245669901371002,34.1619987487793
76.0,0.33061501383781433,34.28300094604492
76.0,0.33061501383781433,34.28300094604492
75.0,0.3074910044670105,34.28300094604492
75.0,0.3074910044670105,34.28300094604492
75.0,0.32782500982284546,34.334999084472656
75.0,0.32782500982284546,34.334999084472656
75.0,0.3391599953174591,34.250999450683594
75.0,0.3230139911174774,34.356998443603516
75.0,0.3230139911174774,34.356998443603516
75.0,0.3247939944267273,34.332000732421875
75.0,0.3247939944267273,34.332000732421875
75.0,0.3025290071964264,34.332000732421875
75.0,0.3363550007343292,34.28499984741211
75.0,0.33267098665237427,34.30099868774414
74.0,0.33267098665237427,34.30099868774414
74.0,0.32440000772476196,34.34299850463867
74.0,0.32440000772476196,34.34299850463867
74.0,0.33497801423072815,34.34299850463867
74.0,0.32137298583984375,34.21900177001953
74.0,0.32137298583984375,34.21900177001953
74.0,0.32951799035072327,34.30799865722656
74.0,0.32951799035072327,34.30799865722656
74.0,0.3312450051307678,34.34600067138672
74.0,0.3312450051307678,34.34600067138672
74.0,0.3365829885005951,34.34600067138672
74.0,0.3137750029563904,34.25600051879883
74.0,0.3137750029563904,34.25600051879883
74.0,0.3102070093154907,34.28799819946289
74.0,0.3102070093154907,34.28799819946289
74.0,0.32012999057769775,34.301998138427734
74.0,0.32012999057769775,34.301998138427734
74.0,0.3226099908351898,34.301998138427734
74.0,0.3274089992046356,34.27199935913086
74.0,0.3274089992046356,34.27199935913086
74.0,0.3131679892539978,34.29499816894531
74.0,0.3131679892539978,34.29499816894531
74.0,0.33957400918006897,34.30500030517578
74.0,0.33957400918006897,34.30500030517578
74.0,0.34682101011276245,34.30500030517578
74.0,0.34904900193214417,34.27399826049805
74.0,0.34904900193214417,34.27399826049805
74.0,0.3379560112953186,34.33100128173828
76.0,0.32355499267578125,34.25
76.0,0.32355499267578125,34.25
76.0,0.32355499267578125,34.25
76.0,0.34244900941848755,34.32099914550781
76.0,0.34244900941848755,34.32099914550781
76.0,0.32785600423812866,34.32099914550781
76.0,0.33695799112319946,34.28099822998047
76.0,0.2979409992694855,34.29899978637695
76.0,0.2979409992694855,34.29899978637695
76.0,0.34182700514793396,34.20000076293945
76.0,0.34182700514793396,34.20000076293945
76.0,0.3174700140953064,34.20000076293945
77.0,0.3174700140953064,34.20000076293945
77.0,0.31679099798202515,34.20000076293945
77.0,0.31679099798202515,34.15800094604492
77.0,0.33303698897361755,34.209999084472656
77.0,0.33303698897361755,34.209999084472656
77.0,0.34018799662590027,34.233001708984375
77.0,0.34018799662590027,34.233001708984375
77.0,0.3325429856777191,34.233001708984375
77.0,0.32378101348876953,34.24300003051758
77.0,0.32378101348876953,34.24300003051758
77.0,0.3346549868583679,34.21099853515625
77.0,0.3501560091972351,34.21099853515625
77.0,0.3501560091972351,34.26900100708008
78.0,0.3501560091972351,34.26900100708008
78.0,0.3438369929790497,34.26900100708008
78.0,0.32628700137138367,34.222999572753906
78.0,0.32668599486351013,34.27399826049805
78.0,0.32668599486351013,34.27399826049805
78.0,0.3317030072212219,34.33100128173828
78.0,0.3317030072212219,34.33100128173828
78.0,0.337334007024765,34.33100128173828
78.0,0.3365660011768341,34.35599899291992
78.0,0.33816999197006226,34.2599983215332
78.0,0.33816999197006226,34.2599983215332
78.0,0.3395400047302246,34.32500076293945
78.0,0.3395400047302246,34.32500076293945
78.0,0.3317500054836273,34.354000091552734
78.0,0.3317500054836273,34.354000091552734
76.0,0.3317500054836273,34.354000091552734
76.0,0.3396559953689575,34.354000091552734
76.0,0.36042600870132446,34.25899887084961
76.0,0.36042600870132446,34.25899887084961
76.0,0.33235299587249756,34.290000915527344
76.0,0.33235299587249756,34.290000915527344
76.0,0.34253400564193726,34.303001403808594
76.0,0.3226250112056732,34.303001403808594
76.0,0.37275001406669617,34.34400177001953
76.0,0.3449459969997406,34.361000061035156
76.0,0.3449459969997406,34.361000061035156
78.0,0.3449459969997406,34.361000061035156
78.0,0.3627380132675171,34.29800033569336
78.0,0.3627380132675171,34.29800033569336
78.0,0.36625298857688904,34.29800033569336
78.0,0.3618139922618866,34.41299819946289
78.0,0.3618139922618866,34.41299819946289
78.0,0.3127729892730713,34.35599899291992
78.0,0.3127729892730713,34.35599899291992
78.0,0.33949100971221924,34.2599983215332
78.0,0.33949100971221924,34.2599983215332
78.0,0.3548719882965088,34.2599983215332
78.0,0.34032100439071655,34.183998107910156
78.0,0.3280259966850281,34.150001525878906
78.0,0.3280259966850281,34.150001525878906
76.0,0.3280259966850281,34.150001525878906
76.0,0.33116599917411804,34.27799987792969
76.0,0.33116599917411804,34.27799987792969
76.0,0.3527489900588989,34.27799987792969
76.0,0.33816999197006226,34.262001037597656
76.0,0.33816999197006226,34.262001037597656
76.0,0.31761500239372253,34.36199951171875
76.0,0.31761500239372253,34.36199951171875
76.0,0.3437179923057556,34.33399963378906
76.0,0.3437179923057556,34.33399963378906
76.0,0.33937498927116394,34.321998596191406
76.0,0.33937498927116394,34.321998596191406
76.0,0.3525339961051941,34.321998596191406
76.0,0.33390000462532043,34.17499923706055
76.0,0.32986199855804443,34.25299835205078
76.0,0.38680499792099,34.2869987487793
76.0,0.38680499792099,34.2869987487793
76.0,0.46192100644111633,34.2869987487793
72.0,0.46192100644111633,34.2869987487793
72.0,0.4367170035839081,34.30099868774414
72.0,0.4367170035839081,34.30099868774414
72.0,0.3685629963874817,34.27199935913086
72.0,0.3685629963874817,34.27199935913086
72.0,0.35239100456237793,34.15299987792969
72.0,0.35239100456237793,34.15299987792969
93.0,0.35239100456237793,34.15299987792969
93.0,0.34506601095199585,34.15299987792969
93.0,0.3445360064506531,34.314998626708984
93.0,0.3445360064506531,34.314998626708984
93.0,0.3467339873313904,34.3129997253418
93.0,0.3467339873313904,34.3129997253418
93.0,0.34968000650405884,34.242000579833984
93.0,0.34968000650405884,34.242000579833984
93.0,0.33695799112319946,34.242000579833984
93.0,0.32029199600219727,34.21099853515625
93.0,0.32029199600219727,34.21099853515625
93.0,0.25722599029541016,34.30400085449219
93.0,0.25722599029541016,34.30400085449219
93.0,0.22589699923992157,34.30400085449219
93.0,0.22589699923992157,34.27299880981445
93.0,0.032079000025987625,34.27299880981445
93.0,0.03218400105834007,34.33100128173828
93.0,0.03218400105834007,34.33100128173828
93.0,0.031838998198509216,34.33100128173828
93.0,0.031838998198509216,34.39099884033203
93.0,0.03213899955153465,34.31100082397461
93.0,0.03213899955153465,34.31100082397461
93.0,0.031860001385211945,34.1349983215332
93.0,0.03234900161623955,34.1349983215332
93.0,0.0318790003657341,34.1349983215332
93.0,0.0318790003657341,34.165000915527344
93.0,0.031314998865127563,34.249000549316406
93.0,0.031314998865127563,34.249000549316406
93.0,0.0324769988656044,34.108001708984375
93.0,0.0324769988656044,34.108001708984375
93.0,0.03255400061607361,34.108001708984375
93.0,0.031817998737096786,34.2239990234375
93.0,0.032242998480796814,34.345001220703125
93.0,0.032242998480796814,34.345001220703125
93.0,0.03201499953866005,34.29100036621094
93.0,0.03185100108385086,34.29100036621094
93.0,0.03198299929499626,34.231998443603516
93.0,0.03198299929499626,34.231998443603516
93.0,0.03181599825620651,34.242000579833984
93.0,0.032017000019550323,34.24700164794922
93.0,0.03169900178909302,34.319000244140625
93.0,0.031911998987197876,34.319000244140625
93.0,0.03210199996829033,34.279998779296875
93.0,0.03210199996829033,34.279998779296875
93.0,0.03183000162243843,34.22800064086914
93.0,0.03183000162243843,34.22800064086914
93.0,0.03249200060963631,34.20500183105469
93.0,0.03249200060963631,34.20500183105469
93.0,0.03162600100040436,34.20500183105469
93.0,0.03189300000667572,34.20500183105469
93.0,0.03189300000667572,34.19499969482422
93.0,0.031814999878406525,34.119998931884766
93.0,0.031814999878406525,34.119998931884766
93.0,0.032010000199079514,34.194000244140625
93.0,0.032010000199079514,34.194000244140625
93.0,0.03172999992966652,34.194000244140625
93.0,0.03214700147509575,34.297000885009766
93.0,0.03214700147509575,34.297000885009766
93.0,0.03168100118637085,34.305999755859375
93.0,0.03168100118637085,34.305999755859375
93.0,0.03191300109028816,34.345001220703125
93.0,0.03191300109028816,34.345001220703125
93.0,0.03237200155854225,34.345001220703125
93.0,0.03236199915409088,34.39699935913086
93.0,0.03236199915409088,34.39699935913086
93.0,0.032210998237133026,34.27799987792969
93.0,0.032210998237133026,34.27799987792969
93.0,0.03195900097489357,34.22700119018555
93.0,0.03195900097489357,34.22700119018555
93.0,0.03133700042963028,34.22700119018555
93.0,0.031874001026153564,34.38199996948242
93.0,0.031874001026153564,34.38199996948242
93.0,0.03243400156497955,34.37799835205078
93.0,0.03243400156497955,34.37799835205078
93.0,0.031651001423597336,34.340999603271484
93.0,0.03214100003242493,34.36000061035156
93.0,0.03214100003242493,34.36000061035156
93.0,0.03216499835252762,34.36000061035156
93.0,0.032079000025987625,34.36899948120117
93.0,0.032079000025987625,34.36899948120117
93.0,0.03170999884605408,34.26599884033203
93.0,0.03170999884605408,34.26599884033203
93.0,0.03247400000691414,34.25699996948242
93.0,0.03247400000691414,34.25699996948242
93.0,0.03196899965405464,34.25699996948242
93.0,0.03206200152635574,34.28799819946289
93.0,0.03206200152635574,34.28799819946289
93.0,0.03237500041723251,34.19599914550781
93.0,0.03237500041723251,34.19599914550781
93.0,0.03193400055170059,34.191001892089844
93.0,0.03193400055170059,34.191001892089844
93.0,0.0318089984357357,34.191001892089844
93.0,0.03164200112223625,34.29499816894531
93.0,0.03164200112223625,34.29499816894531
93.0,0.0317550003528595,34.27000045776367
93.0,0.0317550003528595,34.27000045776367
93.0,0.03179600089788437,34.32899856567383
93.0,0.03179600089788437,34.32899856567383
93.0,0.032117001712322235,34.32899856567383
93.0,0.031877998262643814,34.39099884033203
93.0,0.031877998262643814,34.39099884033203
93.0,0.032214000821113586,34.2400016784668
93.0,0.032214000821113586,34.2400016784668
93.0,0.03161900117993355,34.209999084472656
93.0,0.03161900117993355,34.209999084472656
93.0,0.03235600143671036,34.209999084472656
93.0,0.03180399909615517,34.30400085449219
93.0,0.03180399909615517,34.30400085449219
93.0,0.03180300071835518,34.27299880981445
93.0,0.03180300071835518,34.27299880981445
93.0,0.03240400180220604,34.402000427246094
93.0,0.03240400180220604,34.402000427246094
93.0,0.03171899914741516,34.45800018310547
93.0,0.03171899914741516,34.45800018310547
93.0,0.03185399994254112,34.45800018310547
93.0,0.03189599886536598,34.30400085449219
93.0,0.032033998519182205,34.45100021362305
93.0,0.032033998519182205,34.45100021362305
93.0,0.031996000558137894,34.40800094604492
93.0,0.031996000558137894,34.40800094604492
93.0,0.03135399892926216,34.40800094604492
93.0,0.03226900100708008,34.31800079345703
93.0,0.03226900100708008,34.31800079345703
93.0,0.03220999985933304,34.314998626708984
93.0,0.031936001032590866,34.31399917602539
93.0,0.031936001032590866,34.31399917602539
93.0,0.03174100071191788,34.31399917602539
93.0,0.03186099976301193,34.3129997253418
93.0,0.03186099976301193,34.3129997253418
93.0,0.03246700018644333,34.3129997253418
93.0,0.03246700018644333,34.3129997253418
93.0,0.032340001314878464,34.347999572753906
93.0,0.032340001314878464,34.347999572753906
93.0,0.03234599903225899,34.347999572753906
93.0,0.03188899904489517,34.362998962402344
93.0,0.03188899904489517,34.362998962402344
93.0,0.031449999660253525,34.369998931884766
93.0,0.03147200122475624,34.33700180053711
93.0,0.03147200122475624,34.33700180053711
93.0,0.03224499896168709,34.33700180053711
93.0,0.03222300112247467,34.33700180053711
93.0,0.03222300112247467,34.39400100708008
93.0,0.0318479984998703,34.347999572753906
93.0,0.0318479984998703,34.347999572753906
93.0,0.03206299990415573,34.327999114990234
93.0,0.03206299990415573,34.327999114990234
93.0,0.031509000808000565,34.327999114990234
93.0,0.031808000057935715,34.24800109863281
93.0,0.031808000057935715,34.24800109863281
93.0,0.03238600119948387,34.178001403808594
93.0,0.03238600119948387,34.178001403808594
93.0,0.032092999666929245,34.361000061035156
93.0,0.032092999666929245,34.361000061035156
93.0,0.03189700096845627,34.361000061035156
93.0,0.03189700096845627,34.33300018310547
93.0,0.031874001026153564,34.33300018310547
93.0,0.031980000436306,34.356998443603516
93.0,0.031980000436306,34.356998443603516
93.0,0.031978998333215714,34.29600143432617
93.0,0.031978998333215714,34.29600143432617
93.0,0.03217099979519844,34.4119987487793
93.0,0.03217099979519844,34.4119987487793
93.0,0.032319001853466034,34.4119987487793
93.0,0.03199100121855736,34.28499984741211
93.0,0.03199100121855736,34.28499984741211
93.0,0.031546998769044876,34.29999923706055
93.0,0.031546998769044876,34.29999923706055
93.0,0.03160399943590164,34.41400146484375
93.0,0.03160399943590164,34.41400146484375
93.0,0.03216300159692764,34.41400146484375
93.0,0.03160800039768219,34.426998138427734
93.0,0.03160199895501137,34.36199951171875
93.0,0.03160199895501137,34.36199951171875
93.0,0.032207999378442764,34.439998626708984
93.0,0.032207999378442764,34.439998626708984
93.0,0.032489001750946045,34.439998626708984
93.0,0.03174800053238869,34.4739990234375
93.0,0.03174800053238869,34.4739990234375
93.0,0.03211100026965141,34.417999267578125
93.0,0.0318790003657341,34.42900085449219
93.0,0.03235900029540062,34.32699966430664
93.0,0.03235900029540062,34.32699966430664
93.0,0.03254200145602226,34.32699966430664
93.0,0.031373001635074615,34.284000396728516
93.0,0.031373001635074615,34.284000396728516
93.0,0.0320889987051487,34.37099838256836
93.0,0.0320889987051487,34.37099838256836
93.0,0.031644001603126526,34.3380012512207
93.0,0.031644001603126526,34.3380012512207
93.0,0.03143699839711189,34.3380012512207
93.0,0.03181400150060654,34.25299835205078
93.0,0.03181400150060654,34.25299835205078
93.0,0.03247100114822388,34.321998596191406
93.0,0.03247100114822388,34.321998596191406
93.0,0.032214000821113586,34.35200119018555
93.0,0.032214000821113586,34.35200119018555
93.0,0.032228000462055206,34.35200119018555
93.0,0.03184099867939949,34.1879997253418
93.0,0.03184099867939949,34.1879997253418
93.0,0.03237000107765198,34.29399871826172
93.0,0.03237000107765198,34.29399871826172
93.0,0.03203099966049194,34.30400085449219
93.0,0.03203099966049194,34.30400085449219
93.0,0.03207999840378761,34.30400085449219
93.0,0.03210999816656113,34.27399826049805
93.0,0.03195999935269356,34.29600143432617
93.0,0.03195999935269356,34.29600143432617
93.0,0.03180500119924545,34.27000045776367
93.0,0.03180500119924545,34.27000045776367
93.0,0.03147299960255623,34.27000045776367
93.0,0.03226500004529953,34.1879997253418
93.0,0.03226500004529953,34.1879997253418
93.0,0.032239001244306564,34.257999420166016
93.0,0.031947001814842224,34.25400161743164
93.0,0.03171300143003464,34.25400161743164
93.0,0.031943999230861664,34.180999755859375
93.0,0.031943999230861664,34.180999755859375
93.0,0.031644001603126526,34.185001373291016
93.0,0.03208399936556816,34.39899826049805
93.0,0.03208399936556816,34.39899826049805
93.0,0.031474001705646515,34.42100143432617
93.0,0.0319099985063076,34.42100143432617
93.0,0.03209700062870979,34.28799819946289
93.0,0.03209700062870979,34.28799819946289
93.0,0.03211100026965141,34.301998138427734
93.0,0.03211100026965141,34.301998138427734
93.0,0.0317079983651638,34.30799865722656
93.0,0.0317079983651638,34.30799865722656
93.0,0.03177599981427193,34.30799865722656
93.0,0.03189399838447571,34.275001525878906
93.0,0.03189399838447571,34.275001525878906
93.0,0.03174300119280815,34.275001525878906
93.0,0.03174300119280815,34.40299987792969
93.0,0.0320810005068779,34.45800018310547
93.0,0.03207999840378761,34.45800018310547
93.0,0.03175799921154976,34.30400085449219
93.0,0.03175799921154976,34.30400085449219
93.0,0.03193499892950058,34.380001068115234
93.0,0.03193499892950058,34.380001068115234
93.0,0.032012999057769775,34.380001068115234
93.0,0.032012999057769775,34.41299819946289
93.0,0.03212900087237358,34.41299819946289
93.0,0.03240000084042549,34.31999969482422
93.0,0.03145600110292435,34.316001892089844
93.0,0.032368000596761703,34.3489990234375
93.0,0.032368000596761703,34.3489990234375
93.0,0.03187499940395355,34.3489990234375
93.0,0.03206900134682655,34.22200012207031
93.0,0.03206900134682655,34.22200012207031
93.0,0.03204499930143356,34.22200012207031
93.0,0.03204499930143356,34.27299880981445
93.0,0.03228199854493141,34.33100128173828
93.0,0.03228199854493141,34.33100128173828
93.0,0.03246400132775307,34.2140007019043
93.0,0.03246400132775307,34.2140007019043
93.0,0.03181400150060654,34.2140007019043
93.0,0.03182800114154816,34.30500030517578
93.0,0.03182800114154816,34.30500030517578
93.0,0.03166700154542923,34.308998107910156
93.0,0.03166700154542923,34.308998107910156
93.0,0.031909000128507614,34.308998107910156
93.0,0.031909000128507614,34.31100082397461
93.0,0.03202100098133087,34.31100082397461
93.0,0.03209900110960007,34.2760009765625
93.0,0.03141599893569946,34.26100158691406
93.0,0.03141599893569946,34.26100158691406
93.0,0.03153799846768379,34.255001068115234
93.0,0.031943000853061676,34.180999755859375
93.0,0.031943000853061676,34.180999755859375
93.0,0.03199499845504761,34.180999755859375
93.0,0.03210999816656113,34.29100036621094
93.0,0.03210999816656113,34.29100036621094
93.0,0.03176699951291084,34.40999984741211
93.0,0.032044000923633575,34.319000244140625
93.0,0.032044000923633575,34.319000244140625
93.0,0.03196199983358383,34.319000244140625
93.0,0.0324850007891655,34.35100173950195
93.0,0.03131699934601784,34.435001373291016
93.0,0.03131699934601784,34.435001373291016
93.0,0.03174100071191788,34.29499816894531
93.0,0.03174100071191788,34.29499816894531
93.0,0.032304998487234116,34.29499816894531
93.0,0.032040998339653015,34.34000015258789
93.0,0.032040998339653015,34.34000015258789
93.0,0.03150799870491028,34.430999755859375
93.0,0.03150799870491028,34.430999755859375
93.0,0.03182400017976761,34.327999114990234
93.0,0.03182400017976761,34.327999114990234
93.0,0.03195200115442276,34.327999114990234
93.0,0.0315530002117157,34.38999938964844
93.0,0.0315530002117157,34.38999938964844
93.0,0.03213899955153465,34.34600067138672
93.0,0.0318400003015995,34.29199981689453
93.0,0.03197700157761574,34.29199981689453
93.0,0.032287999987602234,34.40999984741211
93.0,0.032287999987602234,34.40999984741211
93.0,0.03209099918603897,34.35499954223633
93.0,0.03209099918603897,34.35499954223633
93.0,0.03255999833345413,34.2599983215332
93.0,0.03255999833345413,34.2599983215332
93.0,0.03236300125718117,34.32500076293945
93.0,0.03236300125718117,34.32500076293945
93.0,0.032051000744104385,34.32500076293945
93.0,0.0313900001347065,34.35300064086914
93.0,0.0313900001347065,34.35300064086914
93.0,0.031404998153448105,34.36600112915039
93.0,0.031404998153448105,34.36600112915039
93.0,0.03166700154542923,34.33599853515625
93.0,0.03166700154542923,34.33599853515625
93.0,0.03200799971818924,34.33599853515625
93.0,0.031644001603126526,34.321998596191406
93.0,0.031644001603126526,34.321998596191406
93.0,0.03220200166106224,34.35200119018555
93.0,0.03220200166106224,34.35200119018555
93.0,0.03177599981427193,34.29399871826172
93.0,0.03177599981427193,34.29399871826172
93.0,0.03146199882030487,34.29399871826172
93.0,0.0321200005710125,34.34000015258789
93.0,0.0321200005710125,34.34000015258789
93.0,0.031915999948978424,34.36000061035156
93.0,0.031915999948978424,34.36000061035156
93.0,0.0322519987821579,34.36800003051758
93.0,0.03249499946832657,34.36800003051758
93.0,0.0318400003015995,34.37200164794922
93.0,0.0318400003015995,34.37200164794922
93.0,0.032145000994205475,34.374000549316406
93.0,0.032145000994205475,34.374000549316406
93.0,0.03214100003242493,34.268001556396484
93.0,0.03214100003242493,34.268001556396484
93.0,0.0319410003721714,34.268001556396484
93.0,0.03151699900627136,34.32899856567383
93.0,0.03151699900627136,34.32899856567383
93.0,0.03241100162267685,34.35499954223633
93.0,0.03199699893593788,34.29499816894531
93.0,0.03199699893593788,34.29499816894531
93.0,0.0319099985063076,34.340999603271484
93.0,0.0319099985063076,34.340999603271484
93.0,0.03162899985909462,34.340999603271484
93.0,0.03236199915409088,34.36000061035156
93.0,0.03232799842953682,34.262001037597656
93.0,0.03232799842953682,34.262001037597656
93.0,0.03201499953866005,34.255001068115234
93.0,0.03201499953866005,34.255001068115234
93.0,0.03265700116753578,34.255001068115234
93.0,0.032221000641584396,34.323001861572266
93.0,0.032221000641584396,34.323001861572266
93.0,0.03146100044250488,34.31700134277344
93.0,0.03146100044250488,34.31700134277344
93.0,0.03293899819254875,34.349998474121094
93.0,0.04396099969744682,34.32899856567383
93.0,0.04396099969744682,34.32899856567383
93.0,0.07855399698019028,34.32899856567383
93.0,0.0813710018992424,34.284000396728516
93.0,0.09582599997520447,34.229000091552734
93.0,0.09582599997520447,34.229000091552734
93.0,0.10099700093269348,34.3120002746582
93.0,0.10099700093269348,34.3120002746582
93.0,0.11258299648761749,34.3120002746582
93.0,0.11562599986791611,34.277000427246094
93.0,0.11562599986791611,34.277000427246094
93.0,0.12137900292873383,34.297000885009766
93.0,0.12137900292873383,34.297000885009766
93.0,0.12624600529670715,34.305999755859375
93.0,0.12624600529670715,34.305999755859375
93.0,0.1364230066537857,34.305999755859375
93.0,0.14557500183582306,34.310001373291016
93.0,0.14067000150680542,34.20500183105469
93.0,0.14067000150680542,34.20500183105469
93.0,0.14659999310970306,34.30099868774414
93.0,0.14659999310970306,34.30099868774414
93.0,0.1665019989013672,34.30099868774414
93.0,0.17631599307060242,34.23699951171875
93.0,0.20287999510765076,34.17300033569336
93.0,0.20287999510765076,34.17300033569336
93.0,0.19938500225543976,34.28799819946289
93.0,0.19938500225543976,34.28799819946289
93.0,0.21891500055789948,34.28799819946289
93.0,0.22310000658035278,34.301998138427734
93.0,0.22310000658035278,34.301998138427734
93.0,0.22326500713825226,34.20100021362305
93.0,0.22326500713825226,34.20100021362305
93.0,0.231114000082016,34.229000091552734
93.0,0.231114000082016,34.229000091552734
93.0,0.24792900681495667,34.2760009765625
93.0,0.24792900681495667,34.2760009765625
93.0,0.22687000036239624,34.2760009765625
93.0,0.164342001080513,34.22600173950195
93.0,0.164342001080513,34.22600173950195
93.0,0.045572999864816666,34.275001525878906
93.0,0.03379900008440018,34.29600143432617
93.0,0.10515300184488297,34.29600143432617
93.0,0.1586190015077591,34.30500030517578
93.0,0.1586190015077591,34.30500030517578
93.0,0.1881289929151535,34.27399826049805
93.0,0.1979829967021942,34.2599983215332
93.0,0.2452010065317154,34.2599983215332
93.0,0.25277599692344666,34.25400161743164
93.0,0.25277599692344666,34.25400161743164
93.0,0.2876400053501129,34.323001861572266
93.0,0.2876400053501129,34.323001861572266
93.0,0.29305800795555115,34.31700134277344
93.0,0.29305800795555115,34.31700134277344
93.0,0.23989899456501007,34.31700134277344
93.0,0.13943199813365936,34.20800018310547
93.0,0.13943199813365936,34.20800018310547
93.0,0.04238399863243103,34.266998291015625
93.0,0.04238399863243103,34.266998291015625
93.0,0.03171699866652489,34.266998291015625
93.0,0.03171699866652489,34.22200012207031
93.0,0.042080000042915344,34.308998107910156
93.0,0.042080000042915344,34.308998107910156
93.0,0.11328499764204025,34.308998107910156
93.0,0.34787899255752563,34.2400016784668
93.0,0.34787899255752563,34.2400016784668
93.0,0.4351859986782074,34.28099822998047
93.0,0.4351859986782074,34.28099822998047
93.0,0.5930889844894409,34.29899978637695
93.0,0.5930889844894409,34.29899978637695
93.0,0.5850080251693726,34.29899978637695
93.0,0.6058499813079834,34.12900161743164
93.0,0.6058499813079834,34.12900161743164
93.0,0.6550340056419373,34.12699890136719
93.0,0.6550340056419373,34.12699890136719
93.0,0.5973169803619385,34.231998443603516
93.0,0.7878519892692566,34.231998443603516
93.0,0.5998929738998413,34.17100143432617
93.0,0.5998929738998413,34.17100143432617
93.0,0.6206640005111694,34.2869987487793
93.0,0.6206640005111694,34.2869987487793
93.0,0.5981379747390747,34.33700180053711
93.0,0.5981379747390747,34.33700180053711
93.0,0.6648020148277283,34.33700180053711
93.0,0.6182910203933716,34.28799819946289
93.0,0.6182910203933716,34.28799819946289
93.0,0.7178410291671753,34.26599884033203
93.0,0.7178410291671753,34.26599884033203
93.0,0.6420339941978455,34.25699996948242
93.0,0.6420339941978455,34.25699996948242
93.0,0.6931589841842651,34.25699996948242
93.0,0.6623330116271973,34.25299835205078
93.0,0.6623330116271973,34.25299835205078
93.0,0.5327990055084229,34.250999450683594
93.0,0.5327990055084229,34.250999450683594
73.0,0.5327990055084229,34.250999450683594
73.0,0.5890709757804871,34.21500015258789
73.0,0.5890709757804871,34.21500015258789
73.0,0.6992220282554626,34.05799865722656
73.0,0.6992220282554626,34.05799865722656
73.0,0.705249011516571,34.05799865722656
73.0,0.6553429961204529,34.20199966430664
73.0,0.6553429961204529,34.20199966430664
73.0,0.6180160045623779,34.15800094604492
73.0,0.6010329723358154,34.17499923706055
73.0,0.6010329723358154,34.17499923706055
73.0,0.7241939902305603,34.17499923706055
73.0,0.6400840282440186,34.21799850463867
73.0,0.6400840282440186,34.21799850463867
73.0,0.6400840282440186,34.21799850463867
73.0,0.6435189843177795,34.270999908447266
73.0,0.6435189843177795,34.270999908447266
73.0,0.6897900104522705,34.15299987792969
73.0,0.6897900104522705,34.15299987792969
73.0,0.5846139788627625,34.15299987792969
73.0,0.5621230006217957,34.137001037597656
73.0,0.5621230006217957,34.137001037597656
73.0,0.7355290055274963,34.23699951171875
73.0,0.7355290055274963,34.23699951171875
73.0,0.5944579839706421,34.23699951171875
73.0,0.5944579839706421,34.20899963378906
73.0,0.6061139702796936,34.20899963378906
77.0,0.6061139702796936,34.20899963378906
77.0,0.6778240203857422,34.05500030517578
77.0,0.6778240203857422,34.05500030517578
77.0,0.6878129839897156,34.130001068115234
77.0,0.6878129839897156,34.130001068115234
77.0,0.7214149832725525,34.23400115966797
77.0,0.7214149832725525,34.23400115966797
77.0,0.7189540266990662,34.23400115966797
77.0,0.6479560136795044,34.172000885009766
77.0,0.6479560136795044,34.172000885009766
77.0,0.7653120160102844,34.14500045776367
77.0,0.7653120160102844,34.14500045776367
77.0,0.746662974357605,34.2400016784668
77.0,0.746662974357605,34.2400016784668
77.0,0.6919180154800415,34.2400016784668
77.0,0.6910250186920166,34.17499923706055
77.0,0.6910250186920166,34.17499923706055
73.0,0.6910250186920166,34.17499923706055
73.0,0.7719389796257019,34.17499923706055
73.0,0.7719389796257019,34.14699935913086
73.0,0.7261599898338318,34.16999816894531
73.0,0.7261599898338318,34.16999816894531
73.0,0.7705699801445007,34.073001861572266
73.0,0.7705699801445007,34.073001861572266
73.0,0.8151860237121582,34.073001861572266
73.0,0.8154720067977905,34.10300064086914
73.0,0.7342090010643005,34.22200012207031
73.0,0.7342090010643005,34.22200012207031
73.0,0.6394370198249817,34.237998962402344
73.0,0.6394370198249817,34.237998962402344
73.0,0.688834011554718,34.237998962402344
73.0,0.7348300218582153,34.237998962402344
73.0,0.7348300218582153,34.244998931884766
73.0,0.7348300218582153,34.244998931884766
73.0,0.6293119788169861,34.21200180053711
73.0,0.6530669927597046,34.198001861572266
73.0,0.6530669927597046,34.198001861572266
73.0,0.8480870127677917,34.198001861572266
73.0,0.6904749870300293,34.29899978637695
73.0,0.6157730221748352,34.20000076293945
73.0,0.6157730221748352,34.20000076293945
73.0,0.6471120119094849,34.12200164794922
73.0,0.6471120119094849,34.12200164794922
73.0,0.6670339703559875,34.12200164794922
73.0,0.8512009978294373,34.159000396728516
73.0,0.8512009978294373,34.159000396728516
73.0,0.8512009978294373,34.159000396728516
73.0,0.5845649838447571,34.13999938964844
73.0,0.5845649838447571,34.13999938964844
73.0,0.7701429724693298,34.13100051879883
73.0,0.7701429724693298,34.13100051879883
73.0,0.7546830177307129,34.13100051879883
73.0,0.792792022228241,34.16299819946289
73.0,0.792792022228241,34.16299819946289
73.0,0.8439710140228271,34.28300094604492
73.0,0.7729669809341431,34.29999923706055
73.0,0.7729669809341431,34.29999923706055
73.0,0.8013790249824524,34.27199935913086
73.0,0.8013790249824524,34.27199935913086
74.0,0.8013790249824524,34.27199935913086
74.0,0.7205929756164551,34.27199935913086
74.0,0.7269189953804016,34.1879997253418
74.0,0.7269189953804016,34.1879997253418
74.0,0.8475710153579712,34.222999572753906
74.0,0.8475710153579712,34.222999572753906
74.0,0.7261599898338318,34.13199996948242
74.0,0.7261599898338318,34.13199996948242
74.0,0.6636599898338318,34.13199996948242
74.0,0.7348300218582153,34.12799835205078
74.0,0.7348300218582153,34.12799835205078
74.0,0.7537840008735657,34.1619987487793
74.0,0.7537840008735657,34.1619987487793
74.0,0.7290530204772949,34.17599868774414
74.0,0.7290530204772949,34.17599868774414
74.0,0.7290530204772949,34.17599868774414
74.0,0.6807439923286438,34.17599868774414
74.0,0.856020987033844,34.17599868774414
74.0,0.856020987033844,34.25400161743164
74.0,0.7517470121383667,34.2869987487793
74.0,0.7517470121383667,34.2869987487793
74.0,0.840503990650177,34.19499969482422
74.0,0.840503990650177,34.19499969482422
74.0,0.815759003162384,34.19499969482422
74.0,0.6524540185928345,34.191001892089844
74.0,0.6524540185928345,34.191001892089844
74.0,0.9414139986038208,34.15299987792969
74.0,0.9414139986038208,34.15299987792969
74.0,0.6492260098457336,34.137001037597656
74.0,0.6492260098457336,34.137001037597656
74.0,0.6492260098457336,34.137001037597656
74.0,0.6919180154800415,34.137001037597656
74.0,0.6858450174331665,34.16600036621094
74.0,0.6858450174331665,34.16600036621094
74.0,0.673101007938385,34.249000549316406
74.0,0.673101007938385,34.249000549316406
74.0,0.7486720085144043,34.2140007019043
74.0,0.7566540241241455,34.27000045776367
74.0,0.6640400290489197,34.27000045776367
74.0,0.9176899790763855,34.33000183105469
74.0,0.9176899790763855,34.33000183105469
74.0,0.711670994758606,34.284000396728516
74.0,0.711670994758606,34.284000396728516
75.0,0.711670994758606,34.284000396728516
75.0,0.8003640174865723,34.159000396728516
75.0,0.8003640174865723,34.159000396728516
75.0,0.7518280148506165,34.159000396728516
75.0,0.9210919737815857,34.24599838256836
75.0,0.9210919737815857,34.24599838256836
75.0,0.8568639755249023,34.176998138427734
75.0,0.6892439723014832,34.11199951171875
75.0,0.6892439723014832,34.11199951171875
75.0,0.7164360284805298,34.11199951171875
75.0,0.7211160063743591,34.26100158691406
75.0,0.7427549958229065,34.21900177001953
76.0,0.7427549958229065,34.21900177001953
76.0,0.8346530199050903,34.20100021362305
76.0,0.7185090184211731,34.20100021362305
76.0,0.6798120141029358,34.29999923706055
76.0,0.7162889838218689,34.34199905395508
76.0,0.7162889838218689,34.34199905395508
76.0,0.6243969798088074,34.14799880981445
76.0,0.6243969798088074,34.14799880981445
76.0,0.6851019859313965,34.14799880981445
76.0,0.7727100253105164,34.24100112915039
76.0,0.7727100253105164,34.24100112915039
76.0,0.7727100253105164,34.24100112915039
76.0,0.7526419758796692,34.17499923706055
76.0,0.7526419758796692,34.17499923706055
76.0,1.0168390274047852,34.17499923706055
76.0,1.0168390274047852,34.18199920654297
76.0,0.8163340091705322,34.22100067138672
76.0,0.8163340091705322,34.22100067138672
76.0,0.8014699816703796,34.22100067138672
76.0,0.6415010094642639,34.16600036621094
76.0,0.6415010094642639,34.16600036621094
76.0,0.9315789937973022,34.249000549316406
76.0,0.9315789937973022,34.249000549316406
76.0,0.7631289958953857,34.25
76.0,0.7631289958953857,34.25
77.0,0.7631289958953857,34.25
77.0,0.8488119840621948,34.25
77.0,0.5749009847640991,34.2140007019043
77.0,0.780601978302002,34.16400146484375
77.0,0.780601978302002,34.16400146484375
77.0,0.7396739721298218,34.284000396728516
77.0,0.7396739721298218,34.284000396728516
77.0,0.6086599826812744,34.284000396728516
77.0,0.6628379821777344,34.194000244140625
77.0,0.6628379821777344,34.194000244140625
77.0,0.685034990310669,34.26100158691406
77.0,0.685034990310669,34.26100158691406
77.0,0.9059749841690063,34.255001068115234
77.0,0.9059749841690063,34.255001068115234
77.0,0.6593189835548401,34.255001068115234
77.0,0.6593189835548401,34.28799819946289
76.0,0.6593189835548401,34.28799819946289
76.0,0.764136016368866,34.28799819946289
76.0,0.6275519728660583,34.301998138427734
76.0,0.6275519728660583,34.301998138427734
76.0,0.9305819869041443,34.30799865722656
76.0,0.9305819869041443,34.30799865722656
76.0,0.6621440052986145,34.34600067138672
76.0,0.6621440052986145,34.34600067138672
76.0,0.7175440192222595,34.34600067138672
76.0,0.7217140197753906,34.32699966430664
76.0,0.7217140197753906,34.32699966430664
76.0,0.6852380037307739,34.28300094604492
76.0,0.6852380037307739,34.28300094604492
76.0,0.6852380037307739,34.28300094604492
76.0,0.7101449966430664,34.334999084472656
76.0,0.7101449966430664,34.334999084472656
76.0,0.6731669902801514,34.334999084472656
76.0,0.6649929881095886,34.2869987487793
76.0,0.6649929881095886,34.2869987487793
76.0,0.6908180117607117,34.26599884033203
76.0,0.6908180117607117,34.26599884033203
76.0,0.6450110077857971,34.18600082397461
76.0,0.7118160128593445,34.18600082397461
76.0,0.805554986000061,34.22200012207031
76.0,0.7876750230789185,34.16699981689453
76.0,0.7876750230789185,34.16699981689453
76.0,0.7577260136604309,34.17900085449219
76.0,0.7777209877967834,34.17900085449219
76.0,0.6975389719009399,34.255001068115234
76.0,0.6975389719009399,34.255001068115234
76.0,0.7585520148277283,34.21699905395508
76.0,0.7585520148277283,34.21699905395508
76.0,0.7210410237312317,34.37699890136719
76.0,0.6995030045509338,34.37699890136719
76.0,0.7121080160140991,34.340999603271484
76.0,0.7121080160140991,34.340999603271484
76.0,0.6078090071678162,34.25400161743164
76.0,0.6078090071678162,34.25400161743164
76.0,0.6354060173034668,34.2869987487793
76.0,0.6354060173034668,34.2869987487793
76.0,0.6156089901924133,34.23099899291992
76.0,0.6156089901924133,34.23099899291992
76.0,0.7024700045585632,34.23099899291992
66.0,0.7024700045585632,34.23099899291992
66.0,0.6670969724655151,34.1349983215332
66.0,0.6670969724655151,34.1349983215332
66.0,0.7319679856300354,34.236000061035156
66.0,0.7319679856300354,34.236000061035156
118.0,0.7319679856300354,34.236000061035156
118.0,0.7519099712371826,34.314998626708984
118.0,0.7519099712371826,34.314998626708984
118.0,0.6268730163574219,34.314998626708984
118.0,0.7923399806022644,34.3129997253418
118.0,0.6958640217781067,34.242000579833984
118.0,0.6958640217781067,34.242000579833984
118.0,0.8342530131340027,34.35300064086914
118.0,0.8342530131340027,34.35300064086914
118.0,0.8387799859046936,34.35300064086914
118.0,0.7360739707946777,34.33000183105469
118.0,0.7853620052337646,34.249000549316406
109.0,0.7032520174980164,34.249000549316406
109.0,0.7032520174980164,34.249000549316406
109.0,0.7032520174980164,34.32099914550781
109.0,0.6220510005950928,34.32099914550781
109.0,0.6355220079421997,34.316001892089844
109.0,0.8273069858551025,34.20800018310547
109.0,0.8273069858551025,34.20800018310547
109.0,0.7298939824104309,34.266998291015625
109.0,0.7298939824104309,34.266998291015625
109.0,0.7273749709129333,34.266998291015625
109.0,0.6310819983482361,34.327999114990234
109.0,0.6310819983482361,34.327999114990234
109.0,0.8001800179481506,34.327999114990234
109.0,0.8001800179481506,34.35499954223633
102.0,0.8001800179481506,34.35499954223633
102.0,0.8798440098762512,34.35499954223633
102.0,0.8798440098762512,34.472999572753906
102.0,0.6782870292663574,34.41699981689453
102.0,0.6782870292663574,34.41699981689453
102.0,0.8051819801330566,34.41699981689453
102.0,0.7223140001296997,34.2869987487793
102.0,0.7223140001296997,34.2869987487793
102.0,0.8253430128097534,34.30099868774414
102.0,0.8253430128097534,34.30099868774414
102.0,0.8097760081291199,34.23699951171875
102.0,0.8005480170249939,34.23699951171875
98.0,0.7829740047454834,34.23699951171875
98.0,0.7829740047454834,34.20899963378906
98.0,0.7829740047454834,34.20899963378906
98.0,0.7205929756164551,34.268001556396484
98.0,0.7205929756164551,34.268001556396484
98.0,0.7610419988632202,34.292999267578125
98.0,0.7610419988632202,34.292999267578125
98.0,0.7670000195503235,34.292999267578125
98.0,0.7333570122718811,34.233001708984375
98.0,0.694474995136261,34.27799987792969
98.0,0.694474995136261,34.27799987792969
98.0,0.7477059960365295,34.262001037597656
98.0,0.7236670255661011,34.262001037597656
98.0,0.6882889866828918,34.32600021362305
98.0,0.6882889866828918,34.32600021362305
91.0,0.6882889866828918,34.32600021362305
91.0,0.7025420069694519,34.28300094604492
91.0,0.7025420069694519,34.28300094604492
91.0,0.8078010082244873,34.334999084472656
91.0,0.7636319994926453,34.334999084472656
91.0,0.7835919857025146,34.2869987487793
91.0,0.7835919857025146,34.2869987487793
91.0,0.5841720104217529,34.19499969482422
91.0,0.5841720104217529,34.19499969482422
91.0,0.811286985874176,34.297000885009766
91.0,0.811286985874176,34.297000885009766
91.0,0.7850069999694824,34.27000045776367
91.0,0.7850069999694824,34.27000045776367
90.0,0.7850069999694824,34.27000045776367
90.0,0.841621994972229,34.27000045776367
90.0,0.7622100114822388,34.29399871826172
90.0,0.7622100114822388,34.29399871826172
90.0,0.7138620018959045,34.34000015258789
90.0,0.7163619995117188,34.36000061035156
90.0,0.7163619995117188,34.36000061035156
90.0,0.8862339854240417,34.36000061035156
90.0,0.6598190069198608,34.262001037597656
90.0,0.7776349782943726,34.32600021362305
90.0,0.7776349782943726,34.32600021362305
90.0,0.6940580010414124,34.388999938964844
90.0,0.6940580010414124,34.388999938964844
90.0,0.6156089901924133,34.388999938964844
84.0,0.6156089901924133,34.388999938964844
84.0,0.6902700066566467,34.310001373291016
84.0,0.6902700066566467,34.310001373291016
84.0,0.7870500087738037,34.24100112915039
84.0,0.7870500087738037,34.24100112915039
84.0,0.7084090113639832,34.17499923706055
84.0,0.8280940055847168,34.17499923706055
84.0,0.7695459723472595,34.21799850463867
84.0,0.7695459723472595,34.21799850463867
84.0,0.8022109866142273,34.34199905395508
84.0,0.8022109866142273,34.34199905395508
84.0,0.7477859854698181,34.395999908447266
84.0,0.7477859854698181,34.395999908447266
84.0,0.6348260045051575,34.38399887084961
84.0,0.6348260045051575,34.38399887084961
82.0,0.6348260045051575,34.38399887084961
82.0,0.7075449824333191,34.38399887084961
82.0,0.7802519798278809,34.34400177001953
82.0,0.7802519798278809,34.34400177001953
82.0,0.7794640064239502,34.255001068115234
82.0,0.6494079828262329,34.180999755859375
82.0,0.6494079828262329,34.180999755859375
82.0,0.6064310073852539,34.180999755859375
82.0,0.9098860025405884,34.185001373291016
82.0,0.9098860025405884,34.185001373291016
82.0,0.6065890192985535,34.292999267578125
82.0,0.6065890192985535,34.292999267578125
82.0,0.6942660212516785,34.268001556396484
82.0,0.6942660212516785,34.268001556396484
81.0,0.8439710140228271,34.268001556396484
81.0,0.8439710140228271,34.268001556396484
81.0,0.8028579950332642,34.292999267578125
81.0,0.8028579950332642,34.292999267578125
81.0,0.8088340163230896,34.34000015258789
81.0,0.8088340163230896,34.34000015258789
81.0,0.8292790055274963,34.36000061035156
81.0,0.8292790055274963,34.36000061035156
81.0,0.727832019329071,34.36000061035156
81.0,0.6776919960975647,34.33300018310547
81.0,0.6776919960975647,34.33300018310547
83.0,0.9129909873008728,34.33300018310547
83.0,0.9129909873008728,34.32099914550781
83.0,0.9129909873008728,34.32099914550781
83.0,0.7303540110588074,34.316001892089844
83.0,0.7303540110588074,34.316001892089844
83.0,0.7706549763679504,34.316001892089844
83.0,0.8551779985427856,34.31399917602539
83.0,0.8551779985427856,34.31399917602539
83.0,0.6657570004463196,34.3129997253418
83.0,0.6657570004463196,34.3129997253418
83.0,0.6821460127830505,34.20600128173828
83.0,0.6821460127830505,34.20600128173828
87.0,0.6821460127830505,34.20600128173828
87.0,0.815759003162384,34.20600128173828
87.0,0.9063289761543274,34.266998291015625
87.0,0.9063289761543274,34.266998291015625
87.0,0.6874039769172668,34.327999114990234
87.0,0.830070972442627,34.38999938964844
87.0,0.830070972442627,34.38999938964844
87.0,0.7915289998054504,34.31100082397461
87.0,0.7778090238571167,34.31100082397461
89.0,0.7778090238571167,34.31100082397461
89.0,0.8180620074272156,34.417999267578125
89.0,0.8180620074272156,34.417999267578125
89.0,0.7966049909591675,34.39400100708008
89.0,0.7966049909591675,34.39400100708008
89.0,0.7572309970855713,34.382999420166016
89.0,0.7572309970855713,34.382999420166016
89.0,0.6905440092086792,34.382999420166016
89.0,0.6162639856338501,34.37799835205078
89.0,0.6883569955825806,34.483001708984375
89.0,0.6883569955825806,34.483001708984375
89.0,0.601760983467102,34.422000885009766
89.0,0.601760983467102,34.422000885009766
89.0,0.6321139931678772,34.422000885009766
86.0,0.6321139931678772,34.422000885009766
86.0,0.6263650059700012,34.39500045776367
86.0,0.6263650059700012,34.39500045776367
86.0,0.6886299848556519,34.38399887084961
86.0,0.6886299848556519,34.38399887084961
86.0,0.7025420069694519,34.34299850463867
86.0,0.7025420069694519,34.34299850463867
86.0,0.7106530070304871,34.34299850463867
86.0,0.7399899959564209,34.43199920654297
86.0,0.673101007938385,34.36399841308594
86.0,0.5599510073661804,34.40599822998047
86.0,0.5599510073661804,34.40599822998047
86.0,0.27093398571014404,34.40599822998047
84.0,0.18335799872875214,34.40599822998047
84.0,0.18335799872875214,34.35300064086914
84.0,0.18335799872875214,34.35300064086914
84.0,0.2808910012245178,34.35300064086914
84.0,0.2808910012245178,34.4010009765625
84.0,0.4591769874095917,34.4010009765625
84.0,0.4591769874095917,34.38600158691406
84.0,0.5445629954338074,34.34400177001953
96.0,0.5445629954338074,34.34400177001953
96.0,0.524520993232727,34.34400177001953
96.0,0.76835697889328,34.43299865722656
96.0,0.76835697889328,34.43299865722656
96.0,0.6328049898147583,34.47100067138672
96.0,0.6328049898147583,34.47100067138672
96.0,0.6910250186920166,34.41600036621094
96.0,0.6910250186920166,34.41600036621094
96.0,0.7102169990539551,34.41600036621094
96.0,0.6723210215568542,34.4640007019043
96.0,0.6723210215568542,34.4640007019043
96.0,0.6460300087928772,34.55500030517578
96.0,0.6460300087928772,34.55500030517578
96.0,0.5575720071792603,34.31100082397461
96.0,0.5575720071792603,34.31100082397461
96.0,0.6358129978179932,34.31100082397461
96.0,0.6648650169372559,34.382999420166016
96.0,0.6648650169372559,34.382999420166016
96.0,0.7609590291976929,34.44900131225586
96.0,0.7609590291976929,34.44900131225586
96.0,0.5801759958267212,34.47800064086914
96.0,0.5801759958267212,34.47800064086914
96.0,0.8196039795875549,34.47800064086914
84.0,0.8196039795875549,34.47800064086914
84.0,0.574379026889801,34.47800064086914
84.0,0.574379026889801,34.3489990234375
84.0,0.35194501280784607,34.435001373291016
84.0,0.5085660219192505,34.43600082397461
84.0,0.5085660219192505,34.43600082397461
84.0,0.43992099165916443,34.4370002746582
103.0,0.43992099165916443,34.4370002746582
103.0,0.3653300106525421,34.4370002746582
103.0,0.2476460039615631,34.36600112915039
103.0,0.2476460039615631,34.36600112915039
103.0,0.18795600533485413,34.40700149536133
103.0,0.18795600533485413,34.40700149536133
103.0,0.15546700358390808,34.40700149536133
103.0,0.15546700358390808,34.388999938964844
103.0,0.5595909953117371,34.388999938964844
103.0,0.5695340037345886,34.38100051879883
103.0,0.6142500042915344,34.38100051879883
103.0,0.6142500042915344,34.34199905395508
103.0,0.5371599793434143,34.32500076293945
103.0,0.5371599793434143,34.32500076293945
103.0,0.6343629956245422,34.32500076293945
94.0,0.6343629956245422,34.32500076293945
94.0,0.6140329837799072,34.459999084472656
94.0,0.6425679922103882,34.4119987487793
94.0,0.6425679922103882,34.4119987487793
94.0,0.7182120084762573,34.46200180053711
94.0,0.7182120084762573,34.46200180053711
94.0,0.6746690273284912,34.46200180053711
94.0,0.5020319819450378,34.59000015258789
94.0,0.5020319819450378,34.59000015258789
94.0,0.574284017086029,34.59000015258789
94.0,0.574284017086029,34.50299835205078
94.0,0.5082690119743347,34.430999755859375
94.0,0.5082690119743347,34.430999755859375
94.0,0.5179979801177979,34.430999755859375
90.0,0.5179979801177979,34.430999755859375
90.0,0.5503799915313721,34.470001220703125
90.0,0.5503799915313721,34.470001220703125
90.0,0.6049010157585144,34.470001220703125
90.0,0.6049010157585144,34.38100051879883
90.0,0.566519021987915,34.34199905395508
90.0,0.5248770117759705,34.395999908447266
90.0,0.5921300053596497,34.395999908447266
94.0,0.5921300053596497,34.395999908447266
94.0,0.664484977722168,34.38399887084961
94.0,0.664484977722168,34.38399887084961
94.0,0.5997380018234253,34.45000076293945
94.0,0.5722519755363464,34.47800064086914
94.0,0.5722519755363464,34.47800064086914
94.0,0.523652970790863,34.47800064086914
94.0,0.599943995475769,34.49100112915039
94.0,0.599943995475769,34.49100112915039
94.0,0.044943999499082565,34.42499923706055
94.0,0.05427100136876106,34.50299835205078
94.0,0.05427100136876106,34.50299835205078
94.0,0.031668998301029205,34.50299835205078
94.0,0.03190400078892708,34.465999603271484
94.0,0.03190400078892708,34.465999603271484
94.0,0.031752001494169235,34.41400146484375
94.0,0.031752001494169235,34.41400146484375
94.0,0.032294999808073044,34.391998291015625
94.0,0.03154199942946434,34.391998291015625
94.0,0.03177399933338165,34.452999114990234
94.0,0.03177399933338165,34.452999114990234
94.0,0.03212599828839302,34.47999954223633
94.0,0.032395001500844955,34.41999816894531
94.0,0.032395001500844955,34.41999816894531
,0.03216300159692764,
,0.03174300119280815,34.02799987792969
,0.03188199922442436,34.012001037597656
,0.03188199922442436,34.012001037597656
,0.03244199976325035,34.07600021362305
,0.03244199976325035,34.07600021362305
,0.03218600153923035,34.07600021362305
,0.04299899935722351,33.89099884033203
,0.04299899935722351,33.89099884033203
,0.11058299988508224,33.88199996948242
,0.11058299988508224,33.88199996948242
,0.12462799996137619,33.98400115966797
,0.0869550034403801,33.98400115966797
,0.03680799901485443,34.06399917602539
,0.06804899871349335,34.0989990234375
,0.1182280033826828,34.11399841308594
,0.1182280033826828,34.11399841308594
,0.11128000169992447,34.11399841308594
,0.10974600166082382,34.04899978637695
,0.11330299824476242,33.915000915527344
,0.11330299824476242,33.915000915527344
,0.11162900179624557,33.928001403808594
,0.11162900179624557,33.928001403808594
,0.10420800000429153,33.96900177001953
,0.10420800000429153,33.96900177001953
,0.10558400303125381,33.96900177001953
,0.10823100060224533,33.91600036621094
,0.10823100060224533,33.91600036621094
,0.10941799730062485,33.999000549316406
,0.10941799730062485,33.999000549316406
,0.11015400290489197,34.06999969482422
,0.11015400290489197,34.06999969482422
,0.10988599807024002,34.06999969482422
,0.10819000005722046,33.994998931884766
,0.11744800209999084,34.03300094604492
,0.11744800209999084,34.03300094604492
,0.11423800140619278,34.013999938964844
,0.11423800140619278,34.013999938964844
,0.10559199750423431,34.013999938964844
,0.1058569997549057,33.97100067138672
,0.1058569997549057,33.97100067138672
,0.10834000259637833,33.98699951171875
,0.10834000259637833,33.98699951171875
,0.1089870035648346,34.029998779296875
,0.1089870035648346,34.029998779296875
,0.11118300259113312,34.029998779296875
,0.11118300259113312,34.08399963378906
,0.1168069988489151,34.08399963378906
,0.1158280000090599,34.000999450683594
,0.11280400305986404,33.96500015258789
,0.1135220006108284,34.090999603271484
,0.1135220006108284,34.090999603271484
,0.11360300332307816,34.090999603271484
,0.1146010011434555,33.96900177001953
,0.1146010011434555,33.96900177001953
,0.11313799768686295,34.02199935913086
,0.11313799768686295,34.02199935913086
,0.10888499766588211,34.04499816894531
,0.10888499766588211,34.04499816894531
,0.10700199753046036,33.98400115966797
,0.11624400317668915,33.98400115966797
,0.11800199747085571,33.922000885009766
,0.11800199747085571,33.922000885009766
,0.11461800336837769,34.00199890136719
,0.11461800336837769,34.00199890136719
,0.11413799971342087,33.93000030517578
,0.11764799803495407,33.93000030517578
,0.11728499829769135,34.04100036621094
,0.11728499829769135,34.04100036621094
,0.11806599795818329,33.981998443603516
,0.12027899920940399,33.992000579833984
,0.12027899920940399,33.992000579833984
,0.11870499700307846,33.992000579833984
,0.11864600330591202,34.03200149536133
,0.11864600330591202,34.03200149536133
,0.12072599679231644,34.084999084472656
,0.12072599679231644,34.084999084472656
,0.12187699973583221,34.000999450683594
,0.12349999696016312,34.000999450683594
,0.11802200227975845,34.07099914550781
,0.11802200227975845,34.07099914550781
,0.1215210035443306,34.10200119018555
,0.11865200102329254,34.10200119018555
,0.11865200102329254,34.1150016784668
,0.11996400356292725,34.1150016784668
,0.11874300241470337,34.19200134277344
,0.11874300241470337,34.19200134277344
,0.12013400346040726,34.18899917602539
,0.12013400346040726,34.18899917602539
,0.12076599895954132,34.117000579833984
,0.12076599895954132,34.117000579833984
,0.12021499872207642,34.117000579833984
,0.12054800242185593,34.05099868774414
,0.11964599788188934,34.05699920654297
,0.11964599788188934,34.05699920654297
,0.12081799656152725,34.09600067138672
,0.12081799656152725,34.09600067138672
,0.12357199937105179,33.97100067138672
,0.12357199937105179,33.97100067138672
,0.12332700192928314,33.97100067138672
,0.11982099711894989,33.98699951171875
,0.11896400153636932,34.10100173950195
,0.11730899661779404,34.07899856567383
,0.11730899661779404,34.07899856567383
,0.11886899918317795,34.07899856567383
,0.11861500144004822,34.14099884033203
,0.11861500144004822,34.14099884033203
,0.11916399747133255,34.13199996948242
,0.11916399747133255,34.13199996948242
,0.12158499658107758,34.02199935913086
,0.12128400057554245,34.02199935913086
,0.12294699996709824,34.00899887084961
,0.12294699996709824,34.00899887084961
,0.1215440034866333,33.96900177001953
,0.12292400002479553,34.02199935913086
,0.12292400002479553,34.02199935913086
,0.12169799953699112,34.02199935913086
,0.12198799848556519,34.08000183105469
,0.12198799848556519,34.08000183105469
,0.11625999957323074,34.03499984741211
,0.11625999957323074,34.03499984741211
,0.11826399713754654,34.05099868774414
57.0,0.11826399713754654,34.05099868774414
57.0,0.12125600129365921,34.05699920654297
57.0,0.12125600129365921,34.05699920654297
57.0,0.11994899809360504,34.05699920654297
57.0,0.11804399639368057,34.20199966430664
57.0,0.11804399639368057,34.20199966430664
57.0,0.12234999984502792,34.016998291015625
57.0,0.12234999984502792,34.016998291015625
57.0,0.12583699822425842,34.00699996948242
57.0,0.12583699822425842,34.00699996948242
57.0,0.12128999829292297,34.00299835205078
65.0,0.1186399981379509,34.00299835205078
65.0,0.1186399981379509,34.00299835205078
65.0,0.12430799752473831,34.071998596191406
65.0,0.12430799752473831,34.071998596191406
65.0,0.1164959967136383,34.17300033569336
65.0,0.1164959967136383,34.17300033569336
65.0,0.12150599807500839,34.145999908447266
65.0,0.12150599807500839,34.145999908447266
65.0,0.12098599970340729,34.145999908447266
65.0,0.12031000107526779,34.16899871826172
65.0,0.12066499888896942,34.073001861572266
65.0,0.12066499888896942,34.073001861572266
73.0,0.12066499888896942,34.073001861572266
73.0,0.12091699987649918,34.10300064086914
73.0,0.12091699987649918,34.10300064086914
73.0,0.12535400688648224,34.10300064086914
73.0,0.11872900277376175,34.04399871826172
73.0,0.11872900277376175,34.04399871826172
73.0,0.12250299751758575,34.05500030517578
73.0,0.11555500328540802,34.095001220703125
73.0,0.11555500328540802,34.095001220703125
73.0,0.11993499845266342,34.095001220703125
73.0,0.12028700113296509,34.18299865722656
73.0,0.12028700113296509,34.18299865722656
73.0,0.12479200214147568,34.07899856567383
73.0,0.12479200214147568,34.07899856567383
73.0,0.12205400317907333,34.17599868774414
73.0,0.12205400317907333,34.17599868774414
73.0,0.11872699856758118,34.17599868774414
73.0,0.12368399649858475,34.25299835205078
73.0,0.12368399649858475,34.25299835205078
73.0,0.11856699734926224,34.11000061035156
73.0,0.11856699734926224,34.11000061035156
73.0,0.12041399627923965,34.11800003051758
73.0,0.12041399627923965,34.11800003051758
73.0,0.11826200038194656,34.08700180053711
73.0,0.11826200038194656,34.08700180053711
73.0,0.11547400057315826,34.08700180053711
74.0,0.11547400057315826,34.08700180053711
74.0,0.12360700219869614,34.00199890136719
74.0,0.12360700219869614,34.00199890136719
74.0,0.12041199952363968,33.96500015258789
74.0,0.12182500213384628,33.96500015258789
74.0,0.12182500213384628,34.12699890136719
74.0,0.12282100319862366,34.12699890136719
74.0,0.12403299659490585,34.05500030517578
74.0,0.1212029978632927,34.20100021362305
74.0,0.1212029978632927,34.20100021362305
74.0,0.11975499987602234,34.15800094604492
74.0,0.12112099677324295,34.15800094604492
74.0,0.12019400298595428,34.104000091552734
74.0,0.12019400298595428,34.104000091552734
72.0,0.12019400298595428,34.104000091552734
72.0,0.12262199819087982,34.08000183105469
72.0,0.12262199819087982,34.08000183105469
72.0,0.12213999778032303,34.176998138427734
72.0,0.12213999778032303,34.176998138427734
72.0,0.11928900331258774,34.176998138427734
72.0,0.12302999943494797,34.14699935913086
72.0,0.12302999943494797,34.14699935913086
72.0,0.11713500320911407,34.1349983215332
72.0,0.11713500320911407,34.1349983215332
72.0,0.11893399804830551,34.165000915527344
82.0,0.11893399804830551,34.165000915527344
82.0,0.11058299988508224,34.165000915527344
82.0,0.11448399722576141,34.249000549316406
82.0,0.11448399722576141,34.249000549316406
82.0,0.09868799895048141,34.178001403808594
82.0,0.09671299904584885,34.14799880981445
82.0,0.09671299904584885,34.14799880981445
82.0,0.08539199829101562,34.20600128173828
82.0,0.08539199829101562,34.20600128173828
82.0,0.054437000304460526,34.20600128173828
82.0,0.031334999948740005,34.0890007019043
82.0,0.031334999948740005,34.0890007019043
82.0,0.03235499933362007,34.18000030517578
82.0,0.03164200112223625,34.29100036621094
82.0,0.03164200112223625,34.29100036621094
82.0,0.03154800087213516,34.231998443603516
