HR,EDA,TEMP,Label
86.0,0.195406,34.86,0
86.0,0.195363,34.79,0
81.0,0.073895,34.81,0
92.0,0.195818,34.93,0
56.0,0.075028,34.8,0
56.0,0.068176,34.83,0
84.0,0.195775,34.88,0
54.0,0.147038,34.82,0
85.0,0.195172,34.9,0
87.0,0.198178,34.87,0
84.0,0.195838,34.97,0
86.0,0.196136,34.87,0
86.0,0.195467,34.8,0
61.0,0.116818,34.78,0
76.0,0.072186,34.7,0
54.0,0.148282,34.63,0
83.0,0.071948,34.65,0
55.0,0.093396,34.72,0
83.0,0.071983,34.69,0
73.0,0.09766,34.7,0
89.0,0.070977,34.7,0
85.0,0.195997,34.83,0
88.0,0.071956,34.76,0
46.0,0.173566,34.88,0
92.0,0.195915,34.99,0
88.0,0.072417,34.67,0
91.0,0.070903,34.65,0
89.0,0.196106,34.89,0
87.0,0.125475,34.99,0
84.0,0.195743,34.91,0
54.0,0.14794,34.75,0
89.0,0.071921,34.71,0
86.0,0.071146,34.62,0
87.0,0.19569,34.87,0
61.0,0.087148,34.74,0
92.0,0.19584,34.97,0
61.0,0.065327,34.79,0
82.0,0.073647,34.65,0
87.0,0.195677,35.01,0
87.0,0.195403,34.8,0
67.0,0.05817,34.81,0
88.0,0.195642,34.93,0
54.0,0.16887,34.8,0
46.0,0.175023,34.91,0
80.0,0.192795,34.86,0
85.0,0.195264,34.86,0
73.0,0.09922,34.69,0
85.0,0.19608,34.89,0
84.0,0.195978,34.88,0
54.0,0.149462,34.78,0
69.0,0.189714,34.83,0
80.0,0.056088,34.8,0
85.0,0.195903,34.92,0
87.0,0.195867,34.97,0
85.0,0.071317,34.54,0
73.0,0.101277,34.74,0
83.0,0.071593,34.78,0
67.0,0.070903,34.71,0
88.0,0.195707,34.9,0
87.0,0.195294,34.86,0
59.0,0.188351,34.69,0
79.0,0.049594,34.92,0
73.0,0.057004,34.69,0
81.0,0.071502,34.7,0
43.0,0.182727,34.87,0
54.0,0.15067,34.75,0
87.0,0.195475,34.93,0
54.0,0.14611,34.78,0
89.0,0.070962,34.63,0
87.0,0.171567,34.95,0
85.0,0.195155,34.85,0
61.0,0.105796,34.8,0
80.0,0.060049,34.72,0
89.0,0.070954,34.7,0
82.0,0.073547,34.76,0
86.0,0.196095,34.91,0
80.0,0.192965,34.85,0
54.0,0.170119,34.74,0
46.0,0.181124,34.84,0
46.0,0.181543,34.82,0
61.0,0.080215,34.71,0
73.0,0.11941,34.78,0
55.0,0.091513,34.72,0
73.0,0.10056,34.69,0
83.0,0.071742,34.73,0
86.0,0.07302,34.79,0
80.0,0.060503,34.72,0
86.0,0.073354,34.79,0
92.0,0.195956,34.98,0
82.0,0.074562,34.75,0
82.0,0.073399,34.68,0
54.0,0.142325,34.74,0
67.0,0.060145,34.8,0
92.0,0.195752,34.99,0
85.0,0.19568,34.84,0
73.0,0.057553,34.7,0
86.0,0.195221,34.91,0
67.0,0.06289,34.72,0
86.0,0.196073,34.85,0
85.0,0.193319,34.84,0
85.0,0.194597,34.82,0
85.0,0.194978,34.9,0
82.0,0.073798,34.8,0
43.0,0.184077,34.76,0
67.0,0.069137,34.71,0
81.0,0.071543,34.73,0
52.0,0.186398,34.82,0
73.0,0.082248,34.73,0
80.0,0.056325,34.8,0
87.0,0.195549,34.84,0
87.0,0.104455,35.03,0
46.0,0.179646,34.87,0
87.0,0.180981,34.97,0
73.0,0.116374,34.74,0
83.0,0.071645,34.78,0
85.0,0.195665,34.89,0
73.0,0.07138,34.79,0
54.0,0.146361,34.83,0
73.0,0.093402,34.81,0
85.0,0.196009,34.77,0
73.0,0.057731,34.73,0
75.0,0.192842,34.82,0
73.0,0.090679,34.71,0
86.0,0.071148,34.69,0
75.0,0.192031,34.85,0
88.0,0.072619,34.79,0
61.0,0.07343,34.62,0
82.0,0.074411,34.77,0
83.0,0.071834,34.71,0
88.0,0.196298,34.84,0
84.0,0.195893,34.91,0
89.0,0.198838,34.91,0
54.0,0.131342,34.62,0
84.0,0.195655,34.89,0
79.0,0.057687,34.92,0
56.0,0.066466,34.86,0
54.0,0.165085,34.81,0
61.0,0.071165,34.73,0
80.0,0.192891,34.89,0
55.0,0.111726,34.74,0
56.0,0.091513,34.72,0
55.0,0.125977,34.69,0
85.0,0.194362,34.84,0
81.0,0.073926,34.78,0
61.0,0.07138,34.79,0
86.0,0.196189,34.78,0
84.0,0.195857,34.95,0
54.0,0.134039,34.73,0
84.0,0.195813,35.01,0
85.0,0.192795,34.86,0
86.0,0.195066,34.88,0
86.0,0.195219,34.91,0
85.0,0.071224,34.62,0
61.0,0.06668,34.76,0
81.0,0.074168,34.78,0
86.0,0.195118,34.88,0
82.0,0.074592,34.75,0
85.0,0.195715,34.84,0
82.0,0.073624,34.65,0
87.0,0.195576,34.84,0
55.0,0.107988,34.64,0
46.0,0.172507,34.89,0
87.0,0.071017,34.59,0
86.0,0.195252,34.89,0
92.0,0.196017,34.95,0
85.0,0.195417,34.8,0
88.0,0.072127,34.76,0
87.0,0.195366,34.91,0
85.0,0.19568,34.83,0
56.0,0.065873,34.84,0
84.0,0.19594,34.91,0
75.0,0.192965,34.85,0
54.0,0.166474,34.78,0
73.0,0.110015,34.77,0
54.0,0.145988,34.73,0
52.0,0.18698,34.8,0
92.0,0.196125,35.03,0
92.0,0.071004,34.76,0
85.0,0.071182,34.59,0
91.0,0.070977,34.7,0
61.0,0.06544,34.76,0
89.0,0.070994,34.73,0
86.0,0.071088,34.63,0
46.0,0.182363,34.85,0
75.0,0.192965,34.82,0
75.0,0.19145,34.82,0
69.0,0.189407,34.86,0
79.0,0.071934,34.93,0
82.0,0.074323,34.71,0
56.0,0.085887,34.69,0
86.0,0.07326,34.67,0
81.0,0.071499,34.69,0
52.0,0.187946,34.83,0
43.0,0.184077,34.87,0
61.0,0.069925,34.78,0
87.0,0.159199,34.95,0
89.0,0.196321,34.89,0
46.0,0.18035,34.84,0
83.0,0.071948,34.69,0
85.0,0.195987,34.78,0
67.0,0.060982,34.8,0
67.0,0.061314,34.77,0
67.0,0.066577,34.78,0
79.0,0.050963,35.06,0
75.0,0.192281,34.83,0
92.0,0.195912,34.97,0
91.0,0.070917,34.71,0
46.0,0.179289,34.77,0
52.0,0.188037,34.86,0
73.0,0.07729,34.7,0
85.0,0.195665,34.83,0
87.0,0.198401,34.87,0
89.0,0.195931,34.92,0
85.0,0.195775,34.88,0
73.0,0.057415,34.72,0
89.0,0.071115,34.79,0
73.0,0.057476,34.69,0
86.0,0.195309,34.88,0
80.0,0.056103,34.67,0
67.0,0.062281,34.76,0
81.0,0.071454,34.69,0
83.0,0.071742,34.81,0
92.0,0.196083,34.96,0
54.0,0.139529,34.73,0
73.0,0.056571,34.76,0
52.0,0.187745,34.86,0
54.0,0.146041,34.74,0
54.0,0.147472,34.73,0
73.0,0.074057,34.79,0
85.0,0.195349,34.92,0
75.0,0.19145,34.83,0
88.0,0.197217,34.95,0
86.0,0.07109,34.62,0
88.0,0.195681,34.84,0
87.0,0.195352,34.85,0
52.0,0.187348,34.84,0
84.0,0.195978,35.01,0
88.0,0.195535,34.89,0
87.0,0.195452,34.91,0
82.0,0.073803,34.8,0
80.0,0.056394,34.7,0
79.0,0.054046,34.97,0
73.0,0.079978,34.62,0
86.0,0.195066,34.89,0
46.0,0.176414,34.76,0
92.0,0.195936,34.96,0
73.0,0.10661,34.71,0
54.0,0.156331,34.75,0
54.0,0.166474,34.81,0
80.0,0.056562,34.78,0
88.0,0.195576,34.84,0
43.0,0.184917,34.76,0
88.0,0.196193,34.88,0
92.0,0.195833,34.92,0
55.0,0.11369,34.82,0
86.0,0.07302,34.77,0
87.0,0.195455,34.97,0
88.0,0.071992,34.76,0
80.0,0.056053,34.81,0
79.0,0.042025,34.94,0
85.0,0.195999,34.76,0
86.0,0.071091,34.73,0
79.0,0.047172,34.92,0
88.0,0.198401,34.87,0
82.0,0.074524,34.75,0
82.0,0.073462,34.69,0
69.0,0.189625,34.86,0
86.0,0.194978,34.9,0
82.0,0.074168,34.78,0
79.0,0.050963,34.97,0
82.0,0.074535,34.75,0
87.0,0.093526,34.91,0
85.0,0.195561,34.76,0
91.0,0.070911,34.65,0
81.0,0.071469,34.69,0
85.0,0.071229,34.62,0
87.0,0.070978,34.75,0
46.0,0.175946,34.78,0
86.0,0.195047,34.88,0
87.0,0.08888,34.89,0
59.0,0.188744,34.76,0
54.0,0.146949,34.82,0
76.0,0.071975,34.7,0
64.0,0.189071,34.75,0
85.0,0.19579,34.8,0
73.0,0.071706,34.77,0
83.0,0.071915,34.74,0
73.0,0.083145,34.74,0
85.0,0.195844,34.92,0
54.0,0.167231,34.8,0
87.0,0.195467,34.8,0
80.0,0.05661,34.7,0
43.0,0.184917,34.75,0
92.0,0.196049,34.82,0
56.0,0.076703,34.77,0
55.0,0.101757,34.75,0
56.0,0.086252,34.69,0
81.0,0.074125,34.74,0
73.0,0.058029,34.73,0
80.0,0.057377,34.73,0
87.0,0.071022,34.68,0
54.0,0.165681,34.74,0
67.0,0.067404,34.73,0
73.0,0.114955,34.73,0
59.0,0.188665,34.78,0
89.0,0.070978,34.79,0
80.0,0.059968,34.74,0
54.0,0.147791,34.74,0
86.0,0.071211,34.69,0
86.0,0.195389,34.88,0
61.0,0.069584,34.83,0
89.0,0.071411,34.73,0
88.0,0.196228,34.83,0
92.0,0.070947,34.73,0
89.0,0.071925,34.69,0
73.0,0.086674,34.75,0
82.0,0.074289,34.78,0
54.0,0.125977,34.69,0
85.0,0.071211,34.69,0
61.0,0.107231,34.76,0
54.0,0.149462,34.73,0
85.0,0.192808,34.87,0
46.0,0.170119,34.74,0
69.0,0.189805,34.79,0
64.0,0.189133,34.75,0
92.0,0.071115,34.79,0
46.0,0.171252,34.74,0
86.0,0.073462,34.69,0
56.0,0.080224,34.77,0
84.0,0.195762,34.95,0
73.0,0.083145,34.73,0
82.0,0.073743,34.71,0
46.0,0.174509,34.88,0
86.0,0.196113,34.83,0
86.0,0.071179,34.69,0
89.0,0.071261,34.78,0
56.0,0.069278,34.83,0
54.0,0.167643,34.8,0
87.0,0.196073,34.85,0
88.0,0.072909,34.79,0
82.0,0.060503,34.72,0
86.0,0.19535,34.85,0
67.0,0.058474,34.78,0
61.0,0.073514,34.73,0
85.0,0.195254,34.93,0
52.0,0.186833,34.78,0
85.0,0.071525,34.76,0
43.0,0.18365,34.87,0
87.0,0.198178,35.02,0
92.0,0.195956,35.03,0
79.0,0.046109,34.93,0
46.0,0.172153,34.75,0
79.0,0.064269,34.9,0
91.0,0.070951,34.66,0
85.0,0.195466,34.77,0
89.0,0.196081,34.88,0
54.0,0.16941,34.72,0
92.0,0.071094,34.79,0
82.0,0.074398,34.77,0
92.0,0.070917,34.71,0
55.0,0.105698,34.75,0
73.0,0.05817,34.81,0
69.0,0.190536,34.83,0
85.0,0.195177,34.9,0
43.0,0.185578,34.82,0
73.0,0.05721,34.69,0
59.0,0.188037,34.86,0
88.0,0.072328,34.65,0
86.0,0.073462,34.79,0
87.0,0.150869,35.01,0
89.0,0.071171,34.66,0
54.0,0.147748,34.78,0
91.0,0.070894,34.68,0
86.0,0.073187,34.66,0
73.0,0.09922,34.73,0
89.0,0.070935,34.63,0
52.0,0.187504,34.84,0
55.0,0.096654,34.74,0
89.0,0.071907,34.71,0
87.0,0.070971,34.79,0
83.0,0.071776,34.73,0
61.0,0.071884,34.7,0
82.0,0.074289,34.73,0
73.0,0.093161,34.74,0
88.0,0.195736,34.88,0
54.0,0.159215,34.74,0
76.0,0.071983,34.69,0
88.0,0.071925,34.69,0
80.0,0.192775,34.89,0
85.0,0.19608,34.92,0
86.0,0.073141,34.62,0
73.0,0.057067,34.69,0
46.0,0.182727,34.87,0
61.0,0.065973,34.78,0
80.0,0.056178,34.71,0
82.0,0.069696,34.72,0
79.0,0.074715,34.92,0
87.0,0.110832,34.99,0
55.0,0.120658,34.78,0
89.0,0.070978,34.73,0
73.0,0.05661,34.7,0
85.0,0.195406,34.86,0
82.0,0.064545,34.77,0
43.0,0.184707,34.76,0
46.0,0.175023,34.88,0
54.0,0.165352,34.81,0
92.0,0.070953,34.76,0
73.0,0.116818,34.78,0
54.0,0.142325,34.73,0
73.0,0.057004,34.68,0
59.0,0.188662,34.83,0
46.0,0.171578,34.74,0
87.0,0.195844,34.92,0
81.0,0.071593,34.78,0
86.0,0.195047,34.88,0
54.0,0.156331,34.75,0
59.0,0.18879,34.76,0
54.0,0.165046,34.81,0
92.0,0.070928,34.7,0
73.0,0.056604,34.68,0
81.0,0.071525,34.76,0
61.0,0.107299,34.79,0
55.0,0.118114,34.78,0
79.0,0.044257,34.93,0
81.0,0.074002,34.74,0
89.0,0.196193,34.88,0
86.0,0.195252,34.9,0
82.0,0.066483,34.72,0
91.0,0.070855,34.67,0
89.0,0.203722,34.91,0
79.0,0.081031,34.92,0
61.0,0.077183,34.7,0
84.0,0.195914,34.95,0
76.0,0.072288,34.73,0
67.0,0.07343,34.62,0
54.0,0.157829,34.71,0
88.0,0.195547,34.89,0
81.0,0.073803,34.81,0
88.0,0.195638,34.88,0
79.0,0.043449,34.94,0
80.0,0.060049,34.74,0
64.0,0.188833,34.83,0
87.0,0.196025,34.87,0
67.0,0.071792,34.69,0
92.0,0.070944,34.78,0
86.0,0.195288,34.89,0
87.0,0.071088,34.63,0
87.0,0.196049,34.82,0
89.0,0.1961,34.89,0
73.0,0.05817,34.73,0
73.0,0.075292,34.8,0
61.0,0.087148,34.74,0
81.0,0.07386,34.81,0
64.0,0.188752,34.78,0
92.0,0.196028,34.84,0
67.0,0.064998,34.74,0
73.0,0.085389,34.74,0
76.0,0.072278,34.7,0
61.0,0.065586,34.82,0
86.0,0.19536,34.77,0
88.0,0.072191,34.75,0
79.0,0.066719,34.93,0
84.0,0.195853,34.92,0
54.0,0.159485,34.8,0
87.0,0.19569,34.8,0
88.0,0.196449,34.83,0
69.0,0.190026,34.77,0
75.0,0.192662,34.83,0
61.0,0.065873,34.79,0
86.0,0.073259,34.66,0
67.0,0.058372,34.74,0
73.0,0.057415,34.69,0
54.0,0.168906,34.77,0
43.0,0.186398,34.82,0
64.0,0.189406,34.84,0
88.0,0.196449,34.89,0
80.0,0.192846,34.83,0
92.0,0.070913,34.73,0
61.0,0.070764,34.76,0
73.0,0.056617,34.76,0
73.0,0.080912,34.69,0
61.0,0.065873,34.84,0
85.0,0.195798,34.8,0
82.0,0.073803,34.81,0
46.0,0.178262,34.79,0
83.0,0.071875,34.74,0
86.0,0.195455,34.85,0
54.0,0.131342,34.69,0
73.0,0.096224,34.81,0
54.0,0.168956,34.81,0
86.0,0.072909,34.79,0
69.0,0.191114,34.83,0
86.0,0.195417,34.8,0
64.0,0.189407,34.86,0
87.0,0.195844,34.97,0
80.0,0.192794,34.92,0
79.0,0.05974,34.9,0
67.0,0.064254,34.72,0
87.0,0.125475,34.97,0
87.0,0.071011,34.76,0
75.0,0.191114,34.83,0
73.0,0.111165,34.79,0
75.0,0.192281,34.85,0
61.0,0.095276,34.74,0
46.0,0.177334,34.79,0
89.0,0.070971,34.79,0
88.0,0.196294,34.83,0
87.0,0.133657,34.97,0
92.0,0.198838,34.91,0
87.0,0.195556,34.87,0
82.0,0.070934,34.68,0
84.0,0.195638,34.88,0
64.0,0.189285,34.72,0
59.0,0.188262,34.86,0
85.0,0.071205,34.61,0
82.0,0.073515,34.76,0
56.0,0.071914,34.79,0
64.0,0.188662,34.83,0
61.0,0.099427,34.8,0
85.0,0.195155,34.82,0
46.0,0.178744,34.8,0
80.0,0.056562,34.73,0
76.0,0.072356,34.7,0
56.0,0.082074,34.69,0
80.0,0.058858,34.71,0
87.0,0.071046,34.68,0
87.0,0.081031,34.92,0
86.0,0.195999,34.76,0
61.0,0.107299,34.76,0
73.0,0.073163,34.77,0
73.0,0.089324,34.75,0
87.0,0.195505,34.95,0
86.0,0.073428,34.79,0
92.0,0.196252,34.82,0
81.0,0.073977,34.8,0
59.0,0.188529,34.83,0
76.0,0.072356,34.69,0
73.0,0.0802,34.62,0
82.0,0.074492,34.76,0
87.0,0.195478,34.95,0
92.0,0.118847,35.18,1
85.0,0.06848,35.11,1
91.0,0.08239,35.03,1
94.0,0.120424,35.22,1
83.0,0.078453,34.98,1
89.0,0.0768,35.08,1
91.0,0.114959,35.15,1
91.0,0.095924,35.06,1
83.0,0.078923,35.03,1
98.0,0.09094,35.19,1
92.0,0.094425,35.06,1
90.0,0.117894,35.21,1
92.0,0.088559,34.99,1
92.0,0.121385,34.98,1
93.0,0.111238,35.03,1
90.0,0.118441,35.1,1
80.0,0.061468,35.05,1
90.0,0.118661,35.1,1
95.0,0.094093,35.12,1
83.0,0.078819,35.03,1
98.0,0.083208,35.05,1
92.0,0.121211,35.04,1
90.0,0.115407,35.17,1
76.0,0.104326,34.99,1
80.0,0.077951,35.11,1
80.0,0.062073,35.09,1
91.0,0.095407,35.11,1
83.0,0.07917,35.08,1
91.0,0.119188,35.2,1
83.0,0.10689,35.12,1
91.0,0.118925,35.12,1
94.0,0.120482,35.14,1
93.0,0.113379,35.1,1
90.0,0.121322,35.13,1
91.0,0.115705,35.15,1
94.0,0.110207,35.08,1
91.0,0.096176,35.08,1
93.0,0.083439,35.08,1
94.0,0.120802,35.12,1
91.0,0.119319,35.1,1
90.0,0.096273,35.03,1
91.0,0.09602,35.1,1
92.0,0.121079,35.1,1
85.0,0.053633,35.22,1
94.0,0.110713,35.17,1
90.0,0.095845,35.04,1
80.0,0.0768,35.08,1
76.0,0.100337,35.05,1
91.0,0.096253,35.08,1
85.0,0.049463,35.2,1
91.0,0.119021,35.22,1
92.0,0.094693,35.03,1
97.0,0.066251,35.02,1
87.0,0.101728,35.16,1
96.0,0.121054,35.18,1
85.0,0.069094,35.11,1
94.0,0.120627,35.11,1
84.0,0.080964,35.08,1
93.0,0.111976,35.17,1
91.0,0.115229,35.15,1
94.0,0.092163,35.16,1
92.0,0.120757,35.04,1
93.0,0.109408,35.02,1
88.0,0.062615,35.02,1
91.0,0.115778,35.1,1
79.0,0.064746,35.07,1
95.0,0.093541,35.13,1
79.0,0.069048,35.08,1
84.0,0.079246,35.07,1
93.0,0.11146,35.12,1
93.0,0.10862,34.97,1
80.0,0.078566,35.07,1
94.0,0.121356,35.11,1
94.0,0.111238,35.03,1
95.0,0.06841,34.92,1
90.0,0.115945,35.1,1
93.0,0.111287,35.12,1
92.0,0.094742,35.03,1
96.0,0.121222,35.16,1
91.0,0.095088,35.05,1
83.0,0.106062,35.02,1
90.0,0.095501,35.12,1
91.0,0.118847,35.12,1
92.0,0.121309,35.1,1
87.0,0.096359,35.08,1
84.0,0.071052,35.05,1
96.0,0.120016,35.22,1
91.0,0.095424,35.12,1
95.0,0.092632,35.01,1
90.0,0.117894,35.15,1
70.0,0.065756,35.19,1
93.0,0.077473,35.14,1
89.0,0.08939,35.16,1
92.0,0.094562,35.09,1
90.0,0.115778,35.08,1
83.0,0.07917,35.03,1
91.0,0.115291,35.15,1
85.0,0.056775,35.17,1
90.0,0.095768,35.07,1
92.0,0.120385,35.23,1
98.0,0.083347,35.05,1
88.0,0.066669,35.13,1
79.0,0.066442,34.96,1
96.0,0.120366,35.09,1
95.0,0.093754,35.12,1
87.0,0.099699,35.11,1
96.0,0.120083,35.18,1
94.0,0.112901,35.1,1
93.0,0.078252,35.19,1
92.0,0.108336,35.1,1
97.0,0.085083,35.06,1
90.0,0.095734,35.16,1
95.0,0.093996,35.2,1
96.0,0.079314,35.06,1
83.0,0.105816,35.13,1
93.0,0.11359,35.15,1
84.0,0.068967,34.99,1
86.0,0.074353,35.02,1
79.0,0.058497,34.99,1
85.0,0.069805,35.04,1
94.0,0.092219,35.12,1
79.0,0.069048,35.01,1
80.0,0.060479,35.11,1
95.0,0.116821,34.97,1
95.0,0.068034,34.92,1
91.0,0.081082,35.13,1
88.0,0.066394,35.06,1
79.0,0.065093,35.0,1
92.0,0.120876,35.15,1
89.0,0.076751,35.03,1
94.0,0.113117,35.11,1
95.0,0.093616,35.13,1
85.0,0.069299,35.12,1
88.0,0.062788,35.12,1
92.0,0.10862,34.97,1
91.0,0.114624,35.16,1
79.0,0.064746,35.0,1
96.0,0.080705,35.05,1
85.0,0.069312,35.19,1
98.0,0.119672,35.13,1
79.0,0.048427,35.12,1
85.0,0.048701,35.19,1
85.0,0.053633,35.27,1
79.0,0.047863,35.15,1
98.0,0.083252,35.08,1
84.0,0.072298,35.05,1
93.0,0.089503,35.11,1
85.0,0.070049,35.09,1
96.0,0.12117,35.16,1
95.0,0.115227,35.13,1
87.0,0.094346,35.23,1
95.0,0.067054,35.02,1
92.0,0.12092,35.21,1
94.0,0.120868,35.08,1
88.0,0.082452,35.01,1
91.0,0.095111,35.02,1
94.0,0.112447,35.21,1
90.0,0.115833,35.18,1
96.0,0.119863,35.23,1
88.0,0.067354,35.11,1
94.0,0.110855,35.17,1
95.0,0.093854,35.12,1
91.0,0.095946,35.06,1
93.0,0.083509,35.08,1
89.0,0.090147,35.02,1
91.0,0.115425,35.15,1
85.0,0.070177,35.11,1
92.0,0.120648,35.13,1
91.0,0.114936,35.17,1
83.0,0.105368,35.13,1
88.0,0.062238,34.96,1
92.0,0.108124,35.07,1
93.0,0.081061,35.17,1
89.0,0.077579,35.16,1
91.0,0.095924,35.06,1
87.0,0.094732,35.02,1
83.0,0.074631,35.03,1
79.0,0.068264,35.01,1
70.0,0.065434,35.14,1
94.0,0.092632,35.01,1
97.0,0.065942,35.06,1
94.0,0.112414,35.24,1
89.0,0.077473,35.16,1
77.0,0.064188,35.06,1
93.0,0.113772,35.08,1
91.0,0.08172,35.06,1
90.0,0.095655,35.12,1
70.0,0.065736,35.15,1
83.0,0.070841,35.03,1
85.0,0.051359,35.22,1
96.0,0.119963,35.18,1
91.0,0.12065,35.3,1
79.0,0.059073,35.03,1
97.0,0.06663,35.02,1
93.0,0.109194,34.95,1
91.0,0.117477,35.17,1
94.0,0.085945,35.15,1
91.0,0.118847,35.16,1
84.0,0.080942,35.01,1
91.0,0.115705,35.14,1
91.0,0.095417,35.11,1
94.0,0.121085,35.13,1
88.0,0.067103,35.16,1
92.0,0.088446,35.11,1
95.0,0.094036,35.12,1
79.0,0.059724,35.03,1
93.0,0.083403,35.03,1
93.0,0.083482,35.03,1
92.0,0.108498,35.01,1
84.0,0.068967,35.05,1
94.0,0.121524,35.15,1
76.0,0.099496,35.11,1
88.0,0.062615,34.97,1
92.0,0.088352,35.12,1
90.0,0.095768,35.14,1
96.0,0.121351,35.2,1
93.0,0.105499,35.23,1
92.0,0.121594,35.16,1
79.0,0.047853,35.17,1
83.0,0.077074,34.98,1
87.0,0.1018,35.12,1
91.0,0.114745,35.1,1
91.0,0.115945,35.1,1
83.0,0.078608,34.98,1
79.0,0.066481,34.91,1
94.0,0.086435,35.03,1
91.0,0.114109,35.22,1
79.0,0.064314,35.07,1
95.0,0.067054,35.06,1
80.0,0.062029,35.08,1
92.0,0.117779,35.18,1
93.0,0.08346,35.15,1
83.0,0.075919,35.07,1
76.0,0.103351,35.05,1
92.0,0.094474,35.12,1
95.0,0.093754,35.04,1
91.0,0.116143,35.01,1
83.0,0.104164,35.15,1
95.0,0.093526,35.13,1
94.0,0.121825,35.14,1
89.0,0.075688,35.01,1
83.0,0.072856,35.06,1
76.0,0.102477,35.11,1
91.0,0.116658,35.13,1
87.0,0.099496,35.11,1
94.0,0.121034,35.07,1
93.0,0.11354,35.1,1
91.0,0.096024,35.04,1
70.0,0.064314,35.07,1
90.0,0.095946,35.06,1
92.0,0.107695,35.08,1
80.0,0.077807,35.11,1
85.0,0.05484,35.25,1
91.0,0.1187,35.1,1
92.0,0.117551,35.14,1
89.0,0.075801,35.05,1
98.0,0.091618,35.16,1
93.0,0.111287,35.03,1
91.0,0.115238,35.1,1
91.0,0.114946,35.19,1
89.0,0.075649,35.03,1
88.0,0.062788,34.96,1
94.0,0.121825,35.16,1
94.0,0.112285,35.22,1
98.0,0.092219,35.11,1
83.0,0.107695,35.08,1
96.0,0.121351,35.14,1
93.0,0.084294,35.05,1
94.0,0.113208,35.15,1
94.0,0.121309,35.1,1
91.0,0.095051,34.97,1
70.0,0.063426,35.03,1
79.0,0.066074,35.09,1
76.0,0.103615,35.08,1
93.0,0.112122,35.15,1
93.0,0.109735,35.02,1
76.0,0.103907,35.08,1
94.0,0.110386,35.07,1
90.0,0.095701,35.07,1
94.0,0.092699,35.01,1
90.0,0.118537,35.21,1
96.0,0.119937,35.18,1
70.0,0.063426,34.99,1
89.0,0.076684,34.95,1
98.0,0.091656,35.08,1
92.0,0.10784,35.08,1
91.0,0.096121,35.02,1
97.0,0.066665,35.1,1
80.0,0.077807,35.08,1
92.0,0.088433,35.05,1
79.0,0.065093,35.08,1
83.0,0.07326,35.03,1
76.0,0.103965,35.1,1
86.0,0.074353,35.05,1
94.0,0.120979,35.11,1
93.0,0.075198,35.19,1
98.0,0.091505,35.1,1
84.0,0.071826,35.05,1
87.0,0.101271,35.17,1
85.0,0.072298,35.05,1
79.0,0.058497,34.94,1
94.0,0.121034,35.17,1
96.0,0.119937,35.29,1
90.0,0.12139,35.16,1
87.0,0.093631,35.13,1
91.0,0.114061,35.03,1
80.0,0.077743,35.08,1
79.0,0.048055,35.12,1
88.0,0.082288,35.01,1
83.0,0.106419,35.02,1
85.0,0.052642,35.22,1
95.0,0.067924,35.05,1
94.0,0.110386,35.08,1
95.0,0.093502,35.06,1
95.0,0.093548,35.09,1
92.0,0.12151,35.13,1
85.0,0.070177,35.09,1
96.0,0.120231,35.14,1
91.0,0.114832,35.19,1
85.0,0.069963,35.04,1
94.0,0.092515,35.07,1
93.0,0.075198,35.19,1
79.0,0.066442,34.91,1
91.0,0.117477,35.14,1
90.0,0.118338,35.12,1
90.0,0.118389,35.16,1
93.0,0.098121,35.17,1
77.0,0.065434,35.14,1
96.0,0.081443,35.17,1
92.0,0.118115,35.15,1
92.0,0.0879,35.11,1
91.0,0.113997,35.07,1
94.0,0.120648,35.13,1
85.0,0.066482,35.15,1
92.0,0.12055,35.21,1
90.0,0.121494,35.16,1
94.0,0.085521,35.13,1
94.0,0.121663,35.16,1
83.0,0.107372,35.09,1
97.0,0.08553,35.06,1
96.0,0.081283,35.11,1
89.0,0.076828,35.09,1
88.0,0.064337,35.06,1
80.0,0.06087,35.12,1
90.0,0.115019,34.99,1
90.0,0.121322,35.2,1
97.0,0.064745,34.99,1
95.0,0.068719,35.09,1
95.0,0.068719,35.03,1
79.0,0.066614,35.05,1
90.0,0.096341,35.03,1
94.0,0.121663,35.13,1
94.0,0.113379,35.1,1
95.0,0.093305,35.05,1
94.0,0.121126,35.14,1
80.0,0.077257,35.03,1
91.0,0.115597,35.01,1
90.0,0.096253,35.08,1
92.0,0.117779,35.15,1
70.0,0.063953,34.99,1
96.0,0.079654,35.06,1
93.0,0.090792,35.19,1
87.0,0.093484,35.13,1
90.0,0.118389,35.12,1
94.0,0.120016,35.22,1
93.0,0.069312,35.19,1
94.0,0.112929,35.1,1
98.0,0.120041,35.16,1
88.0,0.082853,35.02,1
79.0,0.066584,35.09,1
95.0,0.06783,35.04,1
84.0,0.079822,35.07,1
94.0,0.092255,35.16,1
90.0,0.095045,35.12,1
89.0,0.076828,35.08,1
93.0,0.109762,35.12,1
90.0,0.121427,35.12,1
95.0,0.115337,35.15,1
77.0,0.065322,35.13,1
96.0,0.120029,35.23,1
90.0,0.095655,35.12,1
93.0,0.083276,35.11,1
95.0,0.094151,35.19,1
95.0,0.093007,35.04,1
91.0,0.095266,35.02,1
94.0,0.120858,35.07,1
90.0,0.115425,35.15,1
93.0,0.108447,35.19,1
98.0,0.119319,35.1,1
97.0,0.083619,34.95,1
87.0,0.101123,35.08,1
95.0,0.093163,35.18,1
91.0,0.081596,35.06,1
97.0,0.066016,34.97,1
91.0,0.115337,35.17,1
91.0,0.116045,35.15,1
92.0,0.117468,35.09,1
93.0,0.081061,35.14,1
87.0,0.100424,35.08,1
84.0,0.073835,34.96,1
88.0,0.067103,35.13,1
91.0,0.120237,35.2,1
91.0,0.118837,35.16,1
93.0,0.09094,35.19,1
95.0,0.069094,35.11,1
79.0,0.060479,35.11,1
94.0,0.120482,35.1,1
91.0,0.094562,35.09,1
91.0,0.117214,35.17,1
95.0,0.066665,35.1,1
93.0,0.083571,34.98,1
91.0,0.116748,35.14,1
93.0,0.113668,35.11,1
97.0,0.084372,35.13,1
87.0,0.097156,35.11,1
76.0,0.102772,35.05,1
87.0,0.098031,35.08,1
91.0,0.114149,35.19,1
94.0,0.120893,35.11,1
90.0,0.095895,35.08,1
76.0,0.104325,35.14,1
94.0,0.112382,35.22,1
91.0,0.095929,35.1,1
91.0,0.081436,35.13,1
91.0,0.115337,35.15,1
97.0,0.085521,35.13,1
95.0,0.068084,35.05,1
88.0,0.08346,35.15,1
85.0,0.070049,35.04,1
92.0,0.089168,34.99,1
95.0,0.068084,35.12,1
89.0,0.076843,34.94,1
90.0,0.096341,35.09,1
89.0,0.077232,35.05,1
93.0,0.084226,35.06,1
95.0,0.06841,35.03,1
98.0,0.119963,35.18,1
98.0,0.083323,35.02,1
90.0,0.115484,35.18,1
83.0,0.078566,35.07,1
91.0,0.11531,35.18,1
95.0,0.092657,35.01,1
91.0,0.080624,35.14,1
93.0,0.111723,35.19,1
95.0,0.065452,35.06,1
89.0,0.090303,35.05,1
88.0,0.068264,35.01,1
88.0,0.064337,34.97,1
88.0,0.082288,34.97,1
94.0,0.092801,35.1,1
90.0,0.12151,35.13,1
98.0,0.119775,35.14,1
90.0,0.118115,35.15,1
91.0,0.118441,35.1,1
92.0,0.094151,35.19,1
94.0,0.110964,35.03,1
90.0,0.121447,35.14,1
98.0,0.091929,35.11,1
91.0,0.114249,35.22,1
83.0,0.106685,35.12,1
93.0,0.120237,35.2,1
85.0,0.069299,35.11,1
91.0,0.115288,35.18,1
95.0,0.065832,35.06,1
89.0,0.076357,35.05,1
96.0,0.080497,35.12,1
85.0,0.048427,35.12,1
93.0,0.085332,35.19,1
86.0,0.074393,35.03,1
91.0,0.121522,35.27,1
93.0,0.113997,35.07,1
97.0,0.085083,35.06,1
94.0,0.086645,35.03,1
91.0,0.095061,35.02,1
93.0,0.091251,35.12,1
79.0,0.065762,35.08,1
93.0,0.091154,35.19,1
89.0,0.090153,35.03,1
91.0,0.114936,35.15,1
88.0,0.062059,35.02,1
93.0,0.113685,35.17,1
89.0,0.080547,35.11,1
86.0,0.073813,35.16,1
87.0,0.097401,35.11,1
85.0,0.072298,35.11,1
89.0,0.089427,35.03,1
98.0,0.119677,35.15,1
84.0,0.071052,35.06,1
93.0,0.110099,35.01,1
91.0,0.122724,35.3,1
93.0,0.113757,35.11,1
83.0,0.107372,35.11,1
94.0,0.085685,35.09,1
76.0,0.103907,35.07,1
98.0,0.083498,35.08,1
91.0,0.121522,35.21,1
91.0,0.095293,35.05,1
97.0,0.083347,35.05,1
91.0,0.0947,35.04,1
95.0,0.094015,35.19,1
94.0,0.112331,35.17,1
86.0,0.075919,35.07,1
96.0,0.080932,35.16,1
89.0,0.074631,35.03,1
93.0,0.116473,35.12,1
92.0,0.108411,35.01,1
94.0,0.120684,35.24,1
96.0,0.121447,35.14,1
90.0,0.096374,35.11,1
87.0,0.094346,35.12,1
93.0,0.111706,35.17,1
94.0,0.0879,35.11,1
84.0,0.069394,34.99,1
77.0,0.065942,35.06,1
80.0,0.061468,35.12,1
98.0,0.090952,35.12,1
91.0,0.080556,35.08,1
90.0,0.115466,35.07,1
98.0,0.092219,35.12,1
91.0,0.118837,35.1,1
94.0,0.113049,35.08,1
93.0,0.090207,35.12,1
79.0,0.069969,34.96,1
85.0,0.069218,35.09,1
95.0,0.093848,35.04,1
79.0,0.070468,34.95,1
88.0,0.082558,34.97,1
95.0,0.117681,35.09,1
89.0,0.075337,35.08,1
84.0,0.071375,34.99,1
98.0,0.083276,35.11,1
91.0,0.116197,35.1,1
94.0,0.086781,35.01,1
95.0,0.117224,35.18,1
91.0,0.095337,35.09,1
83.0,0.078923,35.07,1
91.0,0.114745,35.16,1
95.0,0.116143,35.01,1
95.0,0.093061,35.09,1
83.0,0.07937,35.07,1
87.0,0.111178,35.44,2
92.0,0.118489,35.46,2
92.0,0.125381,35.32,2
92.0,0.124883,35.42,2
95.0,0.160176,35.48,2
85.0,0.123571,35.33,2
78.0,0.093569,35.39,2
81.0,0.159162,35.45,2
94.0,0.138209,35.37,2
78.0,0.097417,35.39,2
94.0,0.128618,35.27,2
89.0,0.112891,35.43,2
127.0,0.142182,35.47,2
85.0,0.136714,35.51,2
95.0,0.147868,35.37,2
85.0,0.124495,35.32,2
99.0,0.131168,35.22,2
78.0,0.106751,35.38,2
92.0,0.130199,35.53,2
94.0,0.136089,35.49,2
91.0,0.136637,35.43,2
95.0,0.136829,35.33,2
95.0,0.133158,35.36,2
94.0,0.135648,35.38,2
91.0,0.13487,35.37,2
92.0,0.139916,35.32,2
93.0,0.134305,35.33,2
75.0,0.101289,35.49,2
85.0,0.142656,35.59,2
93.0,0.136089,35.49,2
90.0,0.114822,35.48,2
92.0,0.13024,35.38,2
77.0,0.156836,35.46,2
85.0,0.110162,35.49,2
85.0,0.132051,35.48,2
90.0,0.115449,35.47,2
94.0,0.135415,35.28,2
78.0,0.101458,35.39,2
73.0,0.101289,35.57,2
77.0,0.098734,35.47,2
91.0,0.098013,35.51,2
91.0,0.136248,35.38,2
87.0,0.110535,35.42,2
93.0,0.075796,35.41,2
93.0,0.118327,35.39,2
78.0,0.105116,35.51,2
94.0,0.1257,35.42,2
94.0,0.134493,35.37,2
94.0,0.137169,35.4,2
85.0,0.124297,35.32,2
95.0,0.136369,35.31,2
63.0,0.108021,35.52,2
84.0,0.144654,35.42,2
97.0,0.155765,35.58,2
73.0,0.099823,35.42,2
127.0,0.145027,35.61,2
86.0,0.111838,35.48,2
78.0,0.105973,35.35,2
78.0,0.086919,35.42,2
95.0,0.15581,35.46,2
102.0,0.12582,35.33,2
85.0,0.122737,35.43,2
96.0,0.128155,35.3,2
92.0,0.125381,35.25,2
87.0,0.111734,35.41,2
94.0,0.116539,35.49,2
90.0,0.114331,35.42,2
95.0,0.128678,35.26,2
100.0,0.131078,35.28,2
94.0,0.137594,35.37,2
82.0,0.161911,35.61,2
99.0,0.137313,35.29,2
90.0,0.114802,35.52,2
139.0,0.141904,35.47,2
90.0,0.115163,35.54,2
224.0,0.140491,35.52,2
82.0,0.099478,35.29,2
94.0,0.116944,35.55,2
94.0,0.117149,35.44,2
91.0,0.118723,35.46,2
91.0,0.115414,35.42,2
79.0,0.107741,35.52,2
103.0,0.14162,35.52,2
95.0,0.155235,35.47,2
71.0,0.108396,35.47,2
87.0,0.111005,35.44,2
93.0,0.135983,35.28,2
97.0,0.108524,35.34,2
78.0,0.096125,35.5,2
92.0,0.114998,35.22,2
82.0,0.160561,35.45,2
78.0,0.106021,35.51,2
79.0,0.100482,35.34,2
95.0,0.13581,35.31,2
95.0,0.154547,35.59,2
78.0,0.08282,35.45,2
91.0,0.100626,35.54,2
94.0,0.117256,35.55,2
92.0,0.133586,35.38,2
95.0,0.159301,35.62,2
91.0,0.134028,35.33,2
94.0,0.13494,35.26,2
89.0,0.103761,35.23,2
94.0,0.134398,35.43,2
127.0,0.146544,35.5,2
82.0,0.100179,35.35,2
78.0,0.10931,35.44,2
92.0,0.127272,35.43,2
85.0,0.140582,35.54,2
92.0,0.130088,35.38,2
191.0,0.142065,35.55,2
94.0,0.116539,35.47,2
82.0,0.161911,35.5,2
92.0,0.124495,35.31,2
78.0,0.084434,35.45,2
89.0,0.104501,35.24,2
174.0,0.13946,35.62,2
79.0,0.097204,35.29,2
94.0,0.132593,35.39,2
79.0,0.098584,35.26,2
93.0,0.13445,35.28,2
73.0,0.100557,35.48,2
89.0,0.11347,35.47,2
93.0,0.137004,35.38,2
91.0,0.134096,35.36,2
83.0,0.122074,35.28,2
95.0,0.130489,35.36,2
95.0,0.134453,35.3,2
73.0,0.143654,35.55,2
63.0,0.107545,35.52,2
91.0,0.135014,35.48,2
82.0,0.099949,35.36,2
92.0,0.129429,35.49,2
87.0,0.111408,35.5,2
79.0,0.10896,35.46,2
191.0,0.138919,35.56,2
94.0,0.117345,35.56,2
75.0,0.103504,35.43,2
93.0,0.080978,35.56,2
88.0,0.112797,35.61,2
73.0,0.100817,35.57,2
95.0,0.128601,35.4,2
85.0,0.133931,35.43,2
90.0,0.115163,35.49,2
101.0,0.142578,35.51,2
93.0,0.091754,35.51,2
77.0,0.098732,35.42,2
95.0,0.156885,35.48,2
91.0,0.103204,35.42,2
101.0,0.14162,35.52,2
77.0,0.097588,35.47,2
88.0,0.11139,35.61,2
92.0,0.118489,35.32,2
92.0,0.133843,35.3,2
92.0,0.133964,35.37,2
87.0,0.111123,35.45,2
92.0,0.125462,35.32,2
92.0,0.118455,35.33,2
94.0,0.11692,35.44,2
78.0,0.07662,35.39,2
84.0,0.143428,35.56,2
83.0,0.121798,35.28,2
85.0,0.124495,35.31,2
92.0,0.136396,35.42,2
75.0,0.10588,35.47,2
139.0,0.143314,35.63,2
85.0,0.109919,35.53,2
93.0,0.085711,35.47,2
94.0,0.126217,35.29,2
96.0,0.127585,35.38,2
78.0,0.106379,35.44,2
94.0,0.137084,35.38,2
91.0,0.133888,35.38,2
93.0,0.087166,35.5,2
63.0,0.107446,35.42,2
79.0,0.100151,35.27,2
78.0,0.075929,35.39,2
86.0,0.112891,35.43,2
89.0,0.113195,35.52,2
139.0,0.143622,35.56,2
78.0,0.096596,35.38,2
154.0,0.134356,35.5,2
79.0,0.107741,35.44,2
94.0,0.128618,35.37,2
95.0,0.136165,35.4,2
97.0,0.151674,35.57,2
85.0,0.156836,35.46,2
93.0,0.117927,35.39,2
97.0,0.107638,35.29,2
91.0,0.135847,35.4,2
91.0,0.09926,35.45,2
92.0,0.119212,35.46,2
78.0,0.094537,35.45,2
90.0,0.114718,35.46,2
96.0,0.127785,35.41,2
87.0,0.110576,35.53,2
92.0,0.118513,35.33,2
91.0,0.136296,35.38,2
127.0,0.146103,35.59,2
92.0,0.133888,35.38,2
95.0,0.13511,35.23,2
92.0,0.13604,35.39,2
95.0,0.128618,35.27,2
99.0,0.13418,35.34,2
81.0,0.10998,35.39,2
191.0,0.139572,35.46,2
100.0,0.131161,35.28,2
93.0,0.136617,35.43,2
77.0,0.097527,35.42,2
92.0,0.116683,35.6,2
94.0,0.11692,35.54,2
90.0,0.112407,35.41,2
94.0,0.128143,35.34,2
94.0,0.133917,35.37,2
79.0,0.108568,35.47,2
91.0,0.096526,35.38,2
95.0,0.159222,35.47,2
78.0,0.080591,35.38,2
94.0,0.132699,35.32,2
93.0,0.126044,35.38,2
83.0,0.119865,35.38,2
92.0,0.13592,35.4,2
97.0,0.107702,35.33,2
103.0,0.142613,35.46,2
86.0,0.11143,35.35,2
102.0,0.132779,35.33,2
93.0,0.118178,35.48,2
93.0,0.138882,35.4,2
103.0,0.136849,35.51,2
92.0,0.129854,35.36,2
94.0,0.134492,35.28,2
79.0,0.106585,35.52,2
93.0,0.089041,35.5,2
191.0,0.142065,35.46,2
88.0,0.111466,35.51,2
92.0,0.117409,35.27,2
191.0,0.13957,35.6,2
92.0,0.113186,35.35,2
77.0,0.159043,35.42,2
93.0,0.118067,35.53,2
82.0,0.163002,35.58,2
86.0,0.109796,35.44,2
95.0,0.137313,35.29,2
71.0,0.108021,35.52,2
81.0,0.158656,35.54,2
79.0,0.099568,35.3,2
77.0,0.10083,35.53,2
94.0,0.138216,35.31,2
81.0,0.157312,35.46,2
91.0,0.133811,35.41,2
92.0,0.133828,35.37,2
91.0,0.102071,35.38,2
90.0,0.11399,35.48,2
78.0,0.106586,35.5,2
78.0,0.103795,35.39,2
96.0,0.127204,35.38,2
90.0,0.113049,35.45,2
85.0,0.148274,35.49,2
84.0,0.145393,35.54,2
92.0,0.135519,35.46,2
91.0,0.133964,35.37,2
94.0,0.140721,35.38,2
95.0,0.133593,35.35,2
94.0,0.138995,35.37,2
93.0,0.117792,35.44,2
89.0,0.10499,35.32,2
73.0,0.100927,35.48,2
91.0,0.136617,35.43,2
78.0,0.099438,35.45,2
92.0,0.113395,35.57,2
81.0,0.110057,35.42,2
78.0,0.106626,35.37,2
127.0,0.145368,35.61,2
84.0,0.163002,35.58,2
85.0,0.133043,35.42,2
92.0,0.132645,35.3,2
102.0,0.131519,35.28,2
95.0,0.157189,35.53,2
85.0,0.132051,35.53,2
86.0,0.113471,35.5,2
127.0,0.145368,35.65,2
78.0,0.07783,35.38,2
84.0,0.14682,35.53,2
93.0,0.1265,35.34,2
91.0,0.104631,35.47,2
85.0,0.144693,35.55,2
78.0,0.099446,35.43,2
96.0,0.128667,35.35,2
93.0,0.138073,35.37,2
81.0,0.108543,35.49,2
94.0,0.132874,35.35,2
88.0,0.113782,35.55,2
84.0,0.144235,35.46,2
99.0,0.131989,35.34,2
174.0,0.137522,35.51,2
174.0,0.136985,35.61,2
84.0,0.145449,35.55,2
79.0,0.109256,35.45,2
94.0,0.136767,35.37,2
91.0,0.1014,35.43,2
92.0,0.138109,35.4,2
92.0,0.107702,35.33,2
174.0,0.137079,35.61,2
191.0,0.14121,35.55,2
93.0,0.108267,35.52,2
93.0,0.117874,35.53,2
95.0,0.136555,35.35,2
81.0,0.157609,35.55,2
78.0,0.104201,35.51,2
93.0,0.118067,35.48,2
79.0,0.098817,35.29,2
87.0,0.111178,35.51,2
102.0,0.129436,35.33,2
91.0,0.115297,35.44,2
94.0,0.117345,35.53,2
91.0,0.133811,35.47,2
79.0,0.108227,35.52,2
92.0,0.13597,35.31,2
139.0,0.14324,35.53,2
88.0,0.119123,35.45,2
77.0,0.157221,35.5,2
78.0,0.106392,35.44,2
95.0,0.135525,35.32,2
94.0,0.116317,35.5,2
95.0,0.147159,35.52,2
82.0,0.16105,35.42,2
89.0,0.103761,35.36,2
92.0,0.115925,35.56,2
93.0,0.138882,35.39,2
101.0,0.153407,35.52,2
77.0,0.096966,35.45,2
86.0,0.112243,35.49,2
93.0,0.117874,35.4,2
90.0,0.114958,35.52,2
91.0,0.118297,35.43,2
85.0,0.110056,35.47,2
91.0,0.098346,35.45,2
92.0,0.134112,35.31,2
83.0,0.110379,35.46,2
78.0,0.076326,35.39,2
94.0,0.137894,35.37,2
75.0,0.106776,35.45,2
93.0,0.075978,35.43,2
79.0,0.099411,35.37,2
79.0,0.098817,35.34,2
78.0,0.07662,35.35,2
90.0,0.11399,35.45,2
79.0,0.109357,35.49,2
81.0,0.159853,35.45,2
93.0,0.134305,35.32,2
100.0,0.131283,35.37,2
91.0,0.115414,35.47,2
73.0,0.101038,35.42,2
94.0,0.133593,35.35,2
92.0,0.136034,35.4,2
139.0,0.142573,35.53,2
71.0,0.108268,35.44,2
77.0,0.097092,35.47,2
81.0,0.109873,35.49,2
81.0,0.108435,35.44,2
95.0,0.134756,35.34,2
90.0,0.115119,35.52,2
93.0,0.116093,35.4,2
91.0,0.118594,35.46,2
86.0,0.112946,35.49,2
94.0,0.116452,35.6,2
82.0,0.162692,35.61,2
95.0,0.156679,35.55,2
81.0,0.11004,35.42,2
84.0,0.144823,35.52,2
102.0,0.132779,35.35,2
101.0,0.144449,35.54,2
63.0,0.107379,35.43,2
78.0,0.104414,35.41,2
87.0,0.112196,35.45,2
73.0,0.100557,35.38,2
100.0,0.131161,35.32,2
91.0,0.136101,35.47,2
99.0,0.131751,35.37,2
91.0,0.115787,35.53,2
86.0,0.114028,35.5,2
93.0,0.116093,35.39,2
93.0,0.122471,35.47,2
139.0,0.141414,35.56,2
92.0,0.118196,35.6,2
93.0,0.136202,35.39,2
78.0,0.105973,35.39,2
97.0,0.107638,35.35,2
101.0,0.143509,35.54,2
102.0,0.130662,35.23,2
79.0,0.10896,35.49,2
90.0,0.136919,35.29,2
91.0,0.099622,35.59,2
99.0,0.1316,35.22,2
89.0,0.113069,35.51,2
102.0,0.132672,35.35,2
93.0,0.117756,35.4,2
82.0,0.161354,35.5,2
86.0,0.114068,35.39,2
224.0,0.141516,35.52,2
89.0,0.114081,35.51,2
77.0,0.157476,35.57,2
78.0,0.104274,35.36,2
94.0,0.133828,35.37,2
116.0,0.145368,35.65,2
93.0,0.075793,35.45,2
82.0,0.099645,35.29,2
79.0,0.10993,35.5,2
87.0,0.10716,35.48,2
91.0,0.115441,35.5,2
90.0,0.13538,35.47,2
90.0,0.114482,35.47,2
93.0,0.117993,35.49,2
71.0,0.108407,35.47,2
95.0,0.131569,35.37,2
95.0,0.133211,35.31,2
95.0,0.159222,35.52,2
95.0,0.151674,35.57,2
78.0,0.105615,35.39,2
90.0,0.114697,35.43,2
90.0,0.135944,35.47,2
95.0,0.148093,35.48,2
87.0,0.110833,35.51,2
97.0,0.109784,35.33,2
93.0,0.117792,35.4,2
95.0,0.14807,35.37,2
91.0,0.141373,35.48,2
95.0,0.135772,35.35,2
92.0,0.130867,35.41,2
78.0,0.090496,35.44,2
78.0,0.104907,35.44,2
78.0,0.106379,35.51,2
86.0,0.11149,35.39,2
94.0,0.136991,35.36,2
92.0,0.134089,35.24,2
94.0,0.138525,35.44,2
89.0,0.106143,35.35,2
81.0,0.11001,35.39,2
91.0,0.136149,35.42,2
93.0,0.1265,35.5,2
77.0,0.096238,35.45,2
84.0,0.143667,35.56,2
87.0,0.112319,35.45,2
77.0,0.098771,35.42,2
94.0,0.127979,35.46,2
79.0,0.109418,35.45,2
92.0,0.119865,35.38,2
88.0,0.118475,35.48,2
91.0,0.136248,35.34,2
97.0,0.107852,35.34,2
93.0,0.131957,35.38,2
93.0,0.116317,35.5,2
82.0,0.160561,35.48,2
71.0,0.109137,35.47,2
96.0,0.12913,35.39,2
79.0,0.107425,35.47,2
93.0,0.138073,35.34,2
71.0,0.10873,35.52,2
91.0,0.115778,35.5,2
87.0,0.110592,35.53,2
91.0,0.118224,35.42,2
92.0,0.113186,35.33,2
78.0,0.095145,35.41,2
94.0,0.138446,35.4,2
93.0,0.134207,35.36,2
92.0,0.127779,35.43,2
154.0,0.149636,35.53,2
93.0,0.075796,35.45,2
224.0,0.141685,35.45,2
83.0,0.110224,35.42,2
94.0,0.137169,35.35,2
94.0,0.138995,35.35,2
92.0,0.122959,35.58,2
78.0,0.098138,35.39,2
78.0,0.104079,35.38,2
87.0,0.110772,35.43,2
90.0,0.114753,35.5,2
92.0,0.134146,35.24,2
92.0,0.135985,35.47,2
90.0,0.114176,35.42,2
78.0,0.104414,35.45,2
88.0,0.112359,35.44,2
82.0,0.099558,35.31,2
78.0,0.106021,35.44,2
174.0,0.137079,35.58,2
87.0,0.111123,35.47,2
84.0,0.151952,35.49,2
88.0,0.112946,35.55,2
84.0,0.142703,35.56,2
95.0,0.157247,35.58,2
78.0,0.088765,35.52,2
82.0,0.159853,35.45,2
93.0,0.118737,35.52,2
95.0,0.134892,35.31,2
94.0,0.116521,35.47,2
93.0,0.116316,35.51,2
94.0,0.134075,35.28,2
91.0,0.115787,35.5,2
92.0,0.129854,35.41,2
94.0,0.137985,35.4,2
91.0,0.112181,35.43,2
93.0,0.139232,35.45,2
89.0,0.113398,35.51,2
79.0,0.101315,35.25,2
83.0,0.122074,35.26,2
85.0,0.138981,35.44,2
93.0,0.118224,35.42,2
87.0,0.111408,35.5,2
86.0,0.111136,35.47,2
95.0,0.16465,35.59,2
78.0,0.093958,35.39,2
85.0,0.155153,35.46,2
89.0,0.113402,35.43,2
91.0,0.118951,35.45,2
90.0,0.112768,35.46,2
174.0,0.135068,35.58,2
78.0,0.105578,35.52,2
88.0,0.112994,35.49,2
83.0,0.122737,35.43,2
75.0,0.103083,35.43,2
78.0,0.105883,35.38,2
78.0,0.09879,35.47,2
95.0,0.15074,35.49,2
95.0,0.131541,35.34,2
93.0,0.102483,35.44,2
92.0,0.125065,35.42,2
93.0,0.117345,35.53,2
90.0,0.114855,35.49,2
101.0,0.147159,35.52,2
91.0,0.135953,35.36,2
79.0,0.107801,35.47,2
87.0,0.111124,35.56,2
79.0,0.099568,35.27,2
78.0,0.093104,35.42,2
92.0,0.128667,35.46,2
90.0,0.136248,35.34,2
92.0,0.115636,35.35,2
78.0,0.107813,35.44,2
77.0,0.156754,35.48,2
85.0,0.109755,35.51,2
